Produto;Codigo_do_produto;Descricao_do_produto;Tamanho;Codigo_do_tamanho;Quantidade_de_vendas;Valor_do_pedido;Negocio;Genero;Cor;Codigo_da_cor;Data_da_venda
Mocassim;PRD9287;Mocassim Lite;41;TAM41;80;R$ 174,18;Social;Feminino;Preto;CORPRE;25/06/2024
Chuteira;PRD1969;Chuteira Runner;39;TAM39;23;R$ 634,25;Aventura;Feminino;Bege;CORBEG;21/08/2024
Chinelo;PRD3568;Chinelo Urban;41;TAM41;19;R$ 431,89;Esportivo;Feminino;Vermelho;CORVER;03/06/2024
Bota;PRD2451;Bota Urban;34;TAM34;28;R$ 767,68;Aventura;Infantil;Cinza;CORCIN;13/12/2024
Sapatênis;PRD9550;Sapatênis Runner;35;TAM35;69;R$ 654,84;Aventura;Masculino;Amarelo;CORAMA;11/06/2024
Mocassim;PRD4904;Mocassim Lite;39;TAM39;37;R$ 538,35;Aventura;Feminino;Rosa;CORROS;22/10/2024
Mocassim;PRD4733;Mocassim Runner;43;TAM43;55;R$ 457,98;Infantil;Unissex;Bege;CORBEG;08/07/2024
Chuteira;PRD9718;Chuteira Max;35;TAM35;8;R$ 191,92;Social;Masculino;Azul;CORAZU;18/07/2024
Bota;PRD6720;Bota Comfort;34;TAM34;90;R$ 788,39;Social;Unissex;Azul;CORAZU;13/05/2024
Bota;PRD3855;Bota Max;37;TAM37;58;R$ 629,10;Aventura;Masculino;Cinza;CORCIN;05/03/2024
Tênis;PRD2720;Tênis Runner;35;TAM35;31;R$ 233,02;Casual;Masculino;Bege;CORBEG;04/11/2024
Chuteira;PRD6188;Chuteira Runner;40;TAM40;51;R$ 161,47;Social;Feminino;Rosa;CORROS;28/04/2024
Sandália;PRD5960;Sandália Runner;34;TAM34;25;R$ 552,97;Social;Masculino;Amarelo;CORAMA;20/01/2025
Papete;PRD1937;Papete Comfort;34;TAM34;43;R$ 616,70;Esportivo;Unissex;Verde;CORVER;08/04/2024
Sapatênis;PRD7310;Sapatênis Max;40;TAM40;42;R$ 603,27;Esportivo;Masculino;Marrom;CORMAR;10/01/2024
Papete;PRD2327;Papete Pro;43;TAM43;10;R$ 434,69;Infantil;Feminino;Bege;CORBEG;14/12/2024
Sapato;PRD7420;Sapato Pro;43;TAM43;72;R$ 400,44;Esportivo;Masculino;Verde;CORVER;23/04/2024
Papete;PRD5244;Papete Urban;35;TAM35;40;R$ 272,09;Casual;Feminino;Rosa;CORROS;28/09/2024
Sandália;PRD3566;Sandália Urban;42;TAM42;33;R$ 120,82;Infantil;Feminino;Bege;CORBEG;07/05/2024
Bota;PRD2222;Bota Lite;40;TAM40;57;R$ 672,78;Casual;Unissex;Azul;CORAZU;05/05/2024
Sandália;PRD8766;Sandália Flex;38;TAM38;21;R$ 560,01;Esportivo;Infantil;Marrom;CORMAR;06/12/2024
Tênis;PRD5498;Tênis Max;41;TAM41;94;R$ 535,22;Social;Masculino;Branco;CORBRA;14/12/2024
Tênis;PRD2414;Tênis Pro;34;TAM34;48;R$ 626,46;Casual;Feminino;Rosa;CORROS;25/01/2024
Tênis;PRD2677;Tênis Max;34;TAM34;72;R$ 127,14;Esportivo;Feminino;Amarelo;CORAMA;20/02/2024
Chinelo;PRD5007;Chinelo Max;41;TAM41;92;R$ 259,87;Aventura;Feminino;Bege;CORBEG;13/11/2024
Sapato;PRD4164;Sapato Max;39;TAM39;96;R$ 751,98;Social;Feminino;Cinza;CORCIN;15/01/2025
Chinelo;PRD2546;Chinelo Urban;37;TAM37;42;R$ 614,99;Social;Feminino;Amarelo;CORAMA;01/01/2025
Sapatênis;PRD9908;Sapatênis Flex;35;TAM35;2;R$ 755,52;Infantil;Masculino;Cinza;CORCIN;15/05/2024
Chinelo;PRD6436;Chinelo Pro;41;TAM41;74;R$ 616,90;Aventura;Masculino;Amarelo;CORAMA;11/06/2024
Chuteira;PRD2397;Chuteira Urban;43;TAM43;58;R$ 194,62;Casual;Unissex;Rosa;CORROS;18/01/2025
Chuteira;PRD6742;Chuteira Urban;36;TAM36;51;R$ 266,58;Casual;Masculino;Preto;CORPRE;19/11/2024
Bota;PRD5365;Bota Comfort;42;TAM42;56;R$ 213,67;Esportivo;Unissex;Vermelho;CORVER;28/02/2024
Sapatênis;PRD7569;Sapatênis Comfort;43;TAM43;55;R$ 307,75;Social;Unissex;Preto;CORPRE;08/06/2024
Papete;PRD7594;Papete Pro;38;TAM38;29;R$ 260,80;Esportivo;Unissex;Cinza;CORCIN;29/11/2024
Papete;PRD2618;Papete Urban;36;TAM36;27;R$ 664,75;Aventura;Infantil;Verde;CORVER;01/01/2025
Tênis;PRD5252;Tênis Lite;42;TAM42;24;R$ 352,35;Esportivo;Masculino;Amarelo;CORAMA;25/10/2024
Chinelo;PRD7973;Chinelo Runner;41;TAM41;50;R$ 436,39;Infantil;Masculino;Vermelho;CORVER;14/10/2024
Mocassim;PRD6484;Mocassim Urban;44;TAM44;64;R$ 474,13;Esportivo;Unissex;Vermelho;CORVER;09/07/2024
Chinelo;PRD1198;Chinelo Pro;39;TAM39;18;R$ 588,90;Aventura;Masculino;Marrom;CORMAR;30/08/2024
Bota;PRD2962;Bota Max;42;TAM42;56;R$ 433,73;Casual;Unissex;Bege;CORBEG;28/11/2024
Papete;PRD9980;Papete Comfort;41;TAM41;4;R$ 177,93;Casual;Feminino;Cinza;CORCIN;20/04/2024
Sapatênis;PRD3349;Sapatênis Runner;34;TAM34;54;R$ 243,72;Social;Feminino;Preto;CORPRE;01/08/2024
Chuteira;PRD2835;Chuteira Lite;35;TAM35;66;R$ 309,36;Aventura;Infantil;Bege;CORBEG;02/04/2024
Crocs;PRD8550;Crocs Flex;38;TAM38;55;R$ 571,61;Esportivo;Unissex;Bege;CORBEG;19/05/2024
Sandália;PRD7098;Sandália Runner;38;TAM38;18;R$ 278,75;Aventura;Unissex;Branco;CORBRA;20/05/2024
Mocassim;PRD8434;Mocassim Pro;35;TAM35;24;R$ 580,48;Infantil;Unissex;Azul;CORAZU;16/01/2025
Chinelo;PRD9692;Chinelo Urban;36;TAM36;83;R$ 690,29;Aventura;Masculino;Preto;CORPRE;27/03/2024
Mocassim;PRD8401;Mocassim Pro;35;TAM35;44;R$ 581,07;Infantil;Feminino;Marrom;CORMAR;26/11/2024
Sapato;PRD6468;Sapato Lite;37;TAM37;25;R$ 675,45;Aventura;Infantil;Verde;CORVER;26/02/2024
Chinelo;PRD5462;Chinelo Max;35;TAM35;57;R$ 181,44;Aventura;Unissex;Bege;CORBEG;12/11/2024
Bota;PRD5303;Bota Urban;36;TAM36;75;R$ 390,78;Aventura;Masculino;Branco;CORBRA;04/03/2024
Bota;PRD8470;Bota Urban;35;TAM35;2;R$ 702,26;Esportivo;Masculino;Cinza;CORCIN;15/05/2024
Chuteira;PRD6500;Chuteira Comfort;38;TAM38;69;R$ 283,79;Social;Feminino;Bege;CORBEG;07/12/2024
Bota;PRD5151;Bota Flex;36;TAM36;30;R$ 474,66;Aventura;Masculino;Cinza;CORCIN;17/04/2024
Mocassim;PRD8755;Mocassim Lite;40;TAM40;98;R$ 435,15;Social;Infantil;Cinza;CORCIN;05/03/2024
Crocs;PRD2637;Crocs Urban;40;TAM40;91;R$ 613,14;Casual;Unissex;Vermelho;CORVER;14/01/2024
Sapatênis;PRD8188;Sapatênis Flex;44;TAM44;29;R$ 334,38;Infantil;Unissex;Branco;CORBRA;17/11/2024
Papete;PRD3387;Papete Pro;40;TAM40;60;R$ 482,88;Casual;Infantil;Vermelho;CORVER;01/04/2024
Sandália;PRD2605;Sandália Urban;44;TAM44;60;R$ 154,44;Infantil;Infantil;Rosa;CORROS;18/01/2024
Sandália;PRD7197;Sandália Comfort;34;TAM34;23;R$ 361,72;Esportivo;Masculino;Vermelho;CORVER;02/11/2024
Chuteira;PRD5566;Chuteira Flex;44;TAM44;55;R$ 561,42;Infantil;Masculino;Cinza;CORCIN;01/12/2024
Chuteira;PRD3715;Chuteira Lite;39;TAM39;60;R$ 656,72;Aventura;Infantil;Azul;CORAZU;02/10/2024
Chuteira;PRD1765;Chuteira Urban;44;TAM44;26;R$ 679,19;Casual;Masculino;Marrom;CORMAR;24/06/2024
Papete;PRD3877;Papete Urban;34;TAM34;76;R$ 434,45;Social;Feminino;Preto;CORPRE;02/10/2024
Sapatênis;PRD8505;Sapatênis Urban;36;TAM36;85;R$ 735,29;Social;Feminino;Cinza;CORCIN;29/09/2024
Sapato;PRD5471;Sapato Pro;39;TAM39;17;R$ 646,40;Casual;Feminino;Preto;CORPRE;02/06/2024
Sapato;PRD1718;Sapato Max;40;TAM40;15;R$ 732,67;Infantil;Infantil;Azul;CORAZU;30/04/2024
Papete;PRD8343;Papete Flex;40;TAM40;62;R$ 281,23;Casual;Unissex;Amarelo;CORAMA;28/11/2024
Crocs;PRD8472;Crocs Flex;35;TAM35;98;R$ 572,19;Aventura;Feminino;Azul;CORAZU;18/01/2024
Crocs;PRD9111;Crocs Urban;39;TAM39;61;R$ 659,61;Aventura;Infantil;Amarelo;CORAMA;26/11/2024
Bota;PRD6220;Bota Lite;40;TAM40;57;R$ 708,89;Casual;Infantil;Preto;CORPRE;27/01/2025
Papete;PRD4951;Papete Runner;42;TAM42;62;R$ 676,13;Infantil;Infantil;Verde;CORVER;26/01/2025
Chuteira;PRD9892;Chuteira Urban;42;TAM42;35;R$ 372,36;Social;Feminino;Verde;CORVER;12/07/2024
Crocs;PRD2985;Crocs Pro;39;TAM39;10;R$ 759,76;Casual;Unissex;Branco;CORBRA;30/06/2024
Chinelo;PRD1540;Chinelo Urban;35;TAM35;12;R$ 165,68;Esportivo;Masculino;Bege;CORBEG;25/04/2024
Bota;PRD1096;Bota Max;34;TAM34;91;R$ 761,61;Casual;Infantil;Branco;CORBRA;06/07/2024
Sapatênis;PRD3399;Sapatênis Max;36;TAM36;13;R$ 574,87;Social;Infantil;Amarelo;CORAMA;09/05/2024
Chinelo;PRD3366;Chinelo Lite;35;TAM35;91;R$ 537,80;Infantil;Unissex;Rosa;CORROS;14/11/2024
Papete;PRD3718;Papete Flex;38;TAM38;16;R$ 502,01;Infantil;Unissex;Verde;CORVER;11/03/2024
Papete;PRD7246;Papete Lite;38;TAM38;100;R$ 275,88;Casual;Unissex;Branco;CORBRA;28/01/2024
Chuteira;PRD6213;Chuteira Comfort;34;TAM34;75;R$ 254,52;Infantil;Masculino;Branco;CORBRA;27/12/2024
Mocassim;PRD9806;Mocassim Comfort;37;TAM37;86;R$ 295,88;Casual;Unissex;Vermelho;CORVER;03/01/2024
Papete;PRD4812;Papete Max;36;TAM36;25;R$ 236,21;Aventura;Infantil;Marrom;CORMAR;21/10/2024
Sandália;PRD7591;Sandália Comfort;37;TAM37;18;R$ 333,48;Esportivo;Unissex;Vermelho;CORVER;31/01/2025
Papete;PRD4412;Papete Comfort;40;TAM40;69;R$ 273,88;Esportivo;Unissex;Azul;CORAZU;22/04/2024
Sapatênis;PRD7768;Sapatênis Urban;37;TAM37;54;R$ 595,94;Aventura;Infantil;Azul;CORAZU;03/12/2024
Papete;PRD7403;Papete Runner;38;TAM38;26;R$ 542,95;Social;Infantil;Vermelho;CORVER;21/02/2024
Bota;PRD1206;Bota Urban;38;TAM38;84;R$ 682,50;Esportivo;Infantil;Azul;CORAZU;27/06/2024
Tênis;PRD7294;Tênis Comfort;37;TAM37;30;R$ 303,06;Esportivo;Feminino;Marrom;CORMAR;03/05/2024
Sapato;PRD6573;Sapato Urban;42;TAM42;25;R$ 665,94;Infantil;Infantil;Verde;CORVER;22/01/2025
Sapatênis;PRD4219;Sapatênis Lite;36;TAM36;85;R$ 747,23;Casual;Unissex;Vermelho;CORVER;05/05/2024
Chinelo;PRD3088;Chinelo Pro;34;TAM34;14;R$ 514,98;Casual;Feminino;Branco;CORBRA;26/09/2024
Crocs;PRD2713;Crocs Pro;40;TAM40;65;R$ 570,17;Social;Feminino;Vermelho;CORVER;08/05/2024
Tênis;PRD2910;Tênis Comfort;40;TAM40;2;R$ 216,38;Aventura;Masculino;Azul;CORAZU;22/01/2025
Mocassim;PRD8960;Mocassim Comfort;44;TAM44;80;R$ 771,11;Social;Feminino;Vermelho;CORVER;17/02/2024
Sapatênis;PRD2319;Sapatênis Lite;37;TAM37;63;R$ 433,97;Infantil;Infantil;Amarelo;CORAMA;16/07/2024
Chinelo;PRD3046;Chinelo Urban;44;TAM44;82;R$ 713,80;Infantil;Infantil;Rosa;CORROS;18/07/2024
Chinelo;PRD7595;Chinelo Max;38;TAM38;85;R$ 406,68;Casual;Unissex;Branco;CORBRA;01/07/2024
Chinelo;PRD6670;Chinelo Urban;34;TAM34;46;R$ 206,03;Casual;Infantil;Verde;CORVER;28/01/2025
Chinelo;PRD9716;Chinelo Comfort;38;TAM38;19;R$ 769,30;Social;Feminino;Azul;CORAZU;21/06/2024
Tênis;PRD9839;Tênis Pro;44;TAM44;95;R$ 560,28;Infantil;Infantil;Marrom;CORMAR;22/09/2024
Bota;PRD1064;Bota Lite;43;TAM43;18;R$ 410,46;Infantil;Infantil;Rosa;CORROS;11/01/2025
Papete;PRD5044;Papete Max;36;TAM36;52;R$ 633,75;Aventura;Infantil;Azul;CORAZU;17/04/2024
Mocassim;PRD1608;Mocassim Runner;35;TAM35;66;R$ 531,21;Infantil;Unissex;Bege;CORBEG;26/06/2024
Chuteira;PRD9892;Chuteira Urban;37;TAM37;55;R$ 516,02;Aventura;Feminino;Marrom;CORMAR;06/02/2024
Mocassim;PRD5759;Mocassim Lite;38;TAM38;8;R$ 655,16;Social;Unissex;Bege;CORBEG;23/01/2024
Sandália;PRD4790;Sandália Pro;37;TAM37;40;R$ 464,15;Social;Unissex;Rosa;CORROS;03/01/2024
Tênis;PRD5942;Tênis Runner;44;TAM44;93;R$ 476,43;Aventura;Infantil;Bege;CORBEG;19/12/2024
Tênis;PRD1890;Tênis Urban;42;TAM42;96;R$ 336,87;Social;Feminino;Verde;CORVER;21/10/2024
Sapato;PRD7247;Sapato Lite;44;TAM44;68;R$ 432,33;Social;Infantil;Bege;CORBEG;10/07/2024
Papete;PRD5344;Papete Urban;38;TAM38;73;R$ 308,75;Aventura;Unissex;Bege;CORBEG;22/02/2024
Papete;PRD7660;Papete Urban;35;TAM35;50;R$ 435,38;Esportivo;Feminino;Verde;CORVER;14/03/2024
Papete;PRD2359;Papete Pro;41;TAM41;78;R$ 630,98;Aventura;Feminino;Bege;CORBEG;25/12/2024
Mocassim;PRD7386;Mocassim Runner;43;TAM43;28;R$ 150,02;Aventura;Feminino;Verde;CORVER;29/12/2024
Sapatênis;PRD4642;Sapatênis Comfort;38;TAM38;31;R$ 317,87;Casual;Masculino;Rosa;CORROS;24/04/2024
Crocs;PRD4722;Crocs Lite;43;TAM43;46;R$ 714,10;Casual;Infantil;Vermelho;CORVER;03/06/2024
Chinelo;PRD4294;Chinelo Urban;37;TAM37;14;R$ 338,18;Aventura;Unissex;Branco;CORBRA;29/12/2024
Papete;PRD8894;Papete Comfort;43;TAM43;71;R$ 257,76;Aventura;Masculino;Branco;CORBRA;26/02/2024
Bota;PRD5045;Bota Pro;34;TAM34;4;R$ 478,88;Infantil;Feminino;Preto;CORPRE;15/07/2024
Bota;PRD5798;Bota Flex;39;TAM39;97;R$ 404,84;Casual;Feminino;Rosa;CORROS;20/11/2024
Sapatênis;PRD2063;Sapatênis Flex;44;TAM44;56;R$ 224,89;Esportivo;Infantil;Bege;CORBEG;21/11/2024
Crocs;PRD4083;Crocs Pro;44;TAM44;80;R$ 305,19;Esportivo;Feminino;Bege;CORBEG;24/05/2024
Chuteira;PRD6025;Chuteira Comfort;42;TAM42;20;R$ 590,13;Infantil;Unissex;Branco;CORBRA;15/12/2024
Crocs;PRD9488;Crocs Runner;40;TAM40;22;R$ 508,06;Casual;Infantil;Branco;CORBRA;01/10/2024
Tênis;PRD6843;Tênis Lite;44;TAM44;23;R$ 622,63;Aventura;Unissex;Rosa;CORROS;30/12/2024
Chinelo;PRD3773;Chinelo Max;41;TAM41;54;R$ 342,21;Esportivo;Infantil;Amarelo;CORAMA;08/01/2024
Papete;PRD8008;Papete Comfort;40;TAM40;41;R$ 591,16;Esportivo;Masculino;Verde;CORVER;18/01/2024
Bota;PRD8167;Bota Urban;37;TAM37;96;R$ 541,18;Esportivo;Feminino;Rosa;CORROS;14/04/2024
Sandália;PRD3992;Sandália Max;35;TAM35;48;R$ 687,00;Aventura;Feminino;Bege;CORBEG;29/05/2024
Sandália;PRD9992;Sandália Pro;40;TAM40;41;R$ 379,20;Casual;Feminino;Rosa;CORROS;05/04/2024
Chuteira;PRD3776;Chuteira Lite;38;TAM38;75;R$ 124,96;Infantil;Feminino;Rosa;CORROS;20/01/2025
Papete;PRD2313;Papete Lite;41;TAM41;34;R$ 727,51;Aventura;Infantil;Rosa;CORROS;18/06/2024
Sapatênis;PRD6022;Sapatênis Lite;40;TAM40;61;R$ 500,63;Social;Masculino;Cinza;CORCIN;20/09/2024
Chinelo;PRD9112;Chinelo Max;42;TAM42;14;R$ 276,88;Esportivo;Infantil;Verde;CORVER;29/03/2024
Crocs;PRD6947;Crocs Lite;44;TAM44;88;R$ 652,85;Esportivo;Feminino;Marrom;CORMAR;12/04/2024
Crocs;PRD4941;Crocs Max;35;TAM35;39;R$ 446,88;Esportivo;Masculino;Rosa;CORROS;11/01/2024
Chuteira;PRD2867;Chuteira Flex;42;TAM42;29;R$ 245,14;Esportivo;Unissex;Bege;CORBEG;16/10/2024
Tênis;PRD3489;Tênis Pro;39;TAM39;36;R$ 345,29;Casual;Infantil;Branco;CORBRA;22/01/2024
Chinelo;PRD5663;Chinelo Flex;35;TAM35;21;R$ 677,61;Infantil;Infantil;Branco;CORBRA;12/05/2024
Chuteira;PRD4038;Chuteira Comfort;37;TAM37;53;R$ 595,51;Casual;Infantil;Branco;CORBRA;01/04/2024
Mocassim;PRD9189;Mocassim Pro;38;TAM38;52;R$ 584,03;Social;Unissex;Verde;CORVER;27/09/2024
Crocs;PRD5132;Crocs Flex;40;TAM40;53;R$ 775,35;Infantil;Unissex;Amarelo;CORAMA;06/01/2024
Crocs;PRD4819;Crocs Max;41;TAM41;64;R$ 313,78;Casual;Infantil;Vermelho;CORVER;15/10/2024
Sapatênis;PRD1460;Sapatênis Comfort;37;TAM37;38;R$ 703,48;Esportivo;Feminino;Marrom;CORMAR;02/10/2024
Crocs;PRD5173;Crocs Urban;39;TAM39;20;R$ 365,13;Casual;Unissex;Bege;CORBEG;26/01/2024
Papete;PRD7579;Papete Urban;41;TAM41;37;R$ 481,47;Aventura;Masculino;Marrom;CORMAR;19/01/2024
Mocassim;PRD4762;Mocassim Runner;44;TAM44;38;R$ 398,64;Social;Feminino;Bege;CORBEG;18/06/2024
Chinelo;PRD5176;Chinelo Max;42;TAM42;11;R$ 352,80;Esportivo;Unissex;Vermelho;CORVER;25/05/2024
Tênis;PRD5231;Tênis Urban;38;TAM38;83;R$ 108,54;Esportivo;Masculino;Cinza;CORCIN;14/04/2024
Tênis;PRD2374;Tênis Max;42;TAM42;57;R$ 434,88;Casual;Unissex;Vermelho;CORVER;26/06/2024
Crocs;PRD5537;Crocs Runner;37;TAM37;6;R$ 510,05;Esportivo;Unissex;Verde;CORVER;31/01/2025
Tênis;PRD4161;Tênis Max;43;TAM43;2;R$ 564,16;Aventura;Infantil;Marrom;CORMAR;23/01/2025
Crocs;PRD9812;Crocs Max;42;TAM42;57;R$ 275,59;Esportivo;Masculino;Branco;CORBRA;13/05/2024
Chuteira;PRD1325;Chuteira Pro;42;TAM42;31;R$ 397,97;Social;Infantil;Bege;CORBEG;15/10/2024
Sapato;PRD9123;Sapato Runner;42;TAM42;83;R$ 792,68;Infantil;Masculino;Amarelo;CORAMA;24/04/2024
Sandália;PRD2091;Sandália Pro;37;TAM37;66;R$ 429,14;Casual;Feminino;Rosa;CORROS;25/03/2024
Sandália;PRD3590;Sandália Max;36;TAM36;94;R$ 496,46;Esportivo;Feminino;Branco;CORBRA;07/04/2024
Chinelo;PRD9196;Chinelo Max;37;TAM37;71;R$ 108,01;Casual;Masculino;Preto;CORPRE;03/03/2024
Crocs;PRD5987;Crocs Comfort;40;TAM40;53;R$ 433,58;Aventura;Unissex;Azul;CORAZU;19/06/2024
Chuteira;PRD2233;Chuteira Flex;39;TAM39;92;R$ 529,21;Aventura;Infantil;Marrom;CORMAR;14/06/2024
Crocs;PRD2349;Crocs Pro;44;TAM44;80;R$ 191,60;Aventura;Masculino;Cinza;CORCIN;18/01/2024
Sandália;PRD3102;Sandália Comfort;38;TAM38;83;R$ 430,48;Social;Infantil;Rosa;CORROS;19/09/2024
Sandália;PRD1510;Sandália Max;40;TAM40;56;R$ 461,55;Aventura;Feminino;Branco;CORBRA;10/03/2024
Sapato;PRD6613;Sapato Runner;38;TAM38;51;R$ 572,88;Social;Feminino;Branco;CORBRA;19/10/2024
Bota;PRD9281;Bota Urban;44;TAM44;5;R$ 229,25;Casual;Infantil;Bege;CORBEG;10/07/2024
Papete;PRD7884;Papete Max;42;TAM42;96;R$ 255,87;Esportivo;Masculino;Branco;CORBRA;31/12/2024
Sapatênis;PRD3757;Sapatênis Comfort;44;TAM44;96;R$ 319,30;Social;Infantil;Rosa;CORROS;23/02/2024
Bota;PRD2229;Bota Lite;37;TAM37;53;R$ 249,16;Aventura;Masculino;Amarelo;CORAMA;28/05/2024
Papete;PRD7909;Papete Comfort;43;TAM43;51;R$ 598,97;Casual;Unissex;Amarelo;CORAMA;09/12/2024
Sandália;PRD6991;Sandália Urban;41;TAM41;47;R$ 314,56;Infantil;Unissex;Vermelho;CORVER;13/08/2024
Chinelo;PRD2687;Chinelo Lite;38;TAM38;26;R$ 192,30;Esportivo;Masculino;Branco;CORBRA;02/09/2024
Chinelo;PRD1991;Chinelo Pro;44;TAM44;84;R$ 618,11;Casual;Infantil;Branco;CORBRA;11/01/2024
Bota;PRD5108;Bota Urban;44;TAM44;48;R$ 482,58;Aventura;Infantil;Marrom;CORMAR;30/09/2024
Mocassim;PRD4246;Mocassim Flex;42;TAM42;23;R$ 511,47;Casual;Feminino;Azul;CORAZU;25/01/2025
Crocs;PRD7584;Crocs Lite;41;TAM41;60;R$ 530,80;Casual;Infantil;Rosa;CORROS;01/04/2024
Bota;PRD4330;Bota Max;42;TAM42;52;R$ 776,15;Casual;Unissex;Amarelo;CORAMA;29/06/2024
Mocassim;PRD9541;Mocassim Lite;42;TAM42;34;R$ 137,01;Infantil;Feminino;Marrom;CORMAR;31/01/2024
Sapato;PRD6782;Sapato Comfort;36;TAM36;85;R$ 273,20;Aventura;Infantil;Preto;CORPRE;21/01/2024
Sapatênis;PRD5090;Sapatênis Comfort;36;TAM36;97;R$ 598,36;Esportivo;Feminino;Azul;CORAZU;25/12/2024
Chinelo;PRD3223;Chinelo Max;41;TAM41;14;R$ 684,04;Aventura;Unissex;Cinza;CORCIN;01/03/2024
Mocassim;PRD5978;Mocassim Pro;35;TAM35;68;R$ 471,83;Aventura;Feminino;Preto;CORPRE;11/09/2024
Sandália;PRD2459;Sandália Lite;35;TAM35;9;R$ 745,20;Infantil;Feminino;Branco;CORBRA;06/09/2024
Tênis;PRD1502;Tênis Pro;41;TAM41;77;R$ 444,05;Casual;Masculino;Azul;CORAZU;25/07/2024
Tênis;PRD3780;Tênis Pro;43;TAM43;36;R$ 787,65;Esportivo;Unissex;Amarelo;CORAMA;19/02/2024
Sapato;PRD9501;Sapato Pro;43;TAM43;5;R$ 341,69;Infantil;Infantil;Preto;CORPRE;12/09/2024
Sandália;PRD8152;Sandália Urban;35;TAM35;3;R$ 216,06;Infantil;Feminino;Cinza;CORCIN;16/07/2024
Bota;PRD8316;Bota Max;36;TAM36;15;R$ 466,85;Casual;Masculino;Cinza;CORCIN;22/04/2024
Mocassim;PRD9513;Mocassim Runner;37;TAM37;7;R$ 241,97;Esportivo;Masculino;Vermelho;CORVER;14/12/2024
Mocassim;PRD2088;Mocassim Urban;43;TAM43;79;R$ 103,13;Esportivo;Masculino;Rosa;CORROS;05/09/2024
Papete;PRD2841;Papete Comfort;41;TAM41;26;R$ 258,95;Esportivo;Unissex;Rosa;CORROS;22/11/2024
Papete;PRD2902;Papete Comfort;42;TAM42;18;R$ 599,31;Infantil;Infantil;Verde;CORVER;28/07/2024
Sandália;PRD8398;Sandália Runner;34;TAM34;91;R$ 500,12;Casual;Infantil;Preto;CORPRE;08/06/2024
Bota;PRD5188;Bota Lite;44;TAM44;43;R$ 127,85;Aventura;Masculino;Rosa;CORROS;15/04/2024
Chinelo;PRD6488;Chinelo Lite;35;TAM35;85;R$ 535,80;Casual;Feminino;Preto;CORPRE;23/12/2024
Sapatênis;PRD7471;Sapatênis Max;42;TAM42;50;R$ 391,00;Aventura;Unissex;Bege;CORBEG;03/10/2024
Chuteira;PRD3586;Chuteira Max;37;TAM37;35;R$ 199,68;Social;Masculino;Rosa;CORROS;03/01/2025
Sapatênis;PRD7561;Sapatênis Flex;34;TAM34;49;R$ 552,97;Infantil;Unissex;Vermelho;CORVER;26/07/2024
Chinelo;PRD6405;Chinelo Runner;37;TAM37;52;R$ 738,48;Aventura;Unissex;Marrom;CORMAR;14/12/2024
Sapato;PRD9165;Sapato Runner;41;TAM41;61;R$ 592,60;Casual;Masculino;Branco;CORBRA;22/08/2024
Chinelo;PRD1002;Chinelo Lite;42;TAM42;96;R$ 494,81;Social;Infantil;Amarelo;CORAMA;23/02/2024
Crocs;PRD9800;Crocs Flex;34;TAM34;83;R$ 593,42;Aventura;Infantil;Amarelo;CORAMA;16/10/2024
Papete;PRD6590;Papete Urban;41;TAM41;41;R$ 275,71;Casual;Feminino;Vermelho;CORVER;03/05/2024
Chinelo;PRD9679;Chinelo Urban;39;TAM39;97;R$ 277,20;Infantil;Feminino;Azul;CORAZU;21/10/2024
Mocassim;PRD1252;Mocassim Lite;38;TAM38;64;R$ 488,03;Social;Infantil;Vermelho;CORVER;08/01/2024
Sandália;PRD6984;Sandália Flex;38;TAM38;89;R$ 111,52;Social;Feminino;Azul;CORAZU;18/09/2024
Chinelo;PRD2709;Chinelo Runner;34;TAM34;95;R$ 702,50;Infantil;Feminino;Bege;CORBEG;13/06/2024
Papete;PRD7102;Papete Urban;38;TAM38;76;R$ 311,81;Social;Masculino;Verde;CORVER;18/01/2025
Mocassim;PRD7058;Mocassim Max;36;TAM36;23;R$ 378,17;Infantil;Feminino;Branco;CORBRA;29/02/2024
Sandália;PRD7974;Sandália Comfort;40;TAM40;100;R$ 644,89;Social;Masculino;Bege;CORBEG;01/06/2024
Chuteira;PRD3282;Chuteira Runner;42;TAM42;39;R$ 170,33;Casual;Infantil;Marrom;CORMAR;17/07/2024
Sapatênis;PRD7635;Sapatênis Comfort;37;TAM37;84;R$ 421,54;Esportivo;Unissex;Vermelho;CORVER;20/08/2024
Papete;PRD7081;Papete Comfort;39;TAM39;70;R$ 363,05;Esportivo;Masculino;Verde;CORVER;16/01/2024
Chuteira;PRD4662;Chuteira Lite;35;TAM35;82;R$ 625,35;Social;Unissex;Preto;CORPRE;19/01/2024
Mocassim;PRD1712;Mocassim Flex;34;TAM34;85;R$ 501,40;Infantil;Infantil;Verde;CORVER;10/07/2024
Sapatênis;PRD2407;Sapatênis Pro;43;TAM43;78;R$ 516,27;Casual;Unissex;Azul;CORAZU;09/04/2024
Sapato;PRD6244;Sapato Runner;44;TAM44;49;R$ 601,43;Aventura;Feminino;Amarelo;CORAMA;25/10/2024
Tênis;PRD9772;Tênis Comfort;43;TAM43;69;R$ 728,35;Social;Masculino;Rosa;CORROS;12/12/2024
Sapato;PRD6302;Sapato Pro;43;TAM43;58;R$ 477,69;Esportivo;Masculino;Marrom;CORMAR;06/01/2025
Chuteira;PRD4105;Chuteira Urban;36;TAM36;69;R$ 413,06;Esportivo;Masculino;Cinza;CORCIN;26/07/2024
Sapatênis;PRD3766;Sapatênis Pro;35;TAM35;14;R$ 518,94;Casual;Masculino;Marrom;CORMAR;03/10/2024
Papete;PRD7188;Papete Urban;38;TAM38;92;R$ 747,36;Casual;Feminino;Branco;CORBRA;13/09/2024
Papete;PRD8561;Papete Max;34;TAM34;51;R$ 535,06;Aventura;Infantil;Preto;CORPRE;05/10/2024
Sapatênis;PRD6040;Sapatênis Pro;43;TAM43;25;R$ 306,83;Social;Unissex;Rosa;CORROS;25/12/2024
Sapato;PRD9690;Sapato Max;40;TAM40;44;R$ 396,50;Infantil;Infantil;Cinza;CORCIN;03/05/2024
Sandália;PRD3314;Sandália Comfort;44;TAM44;72;R$ 584,23;Social;Masculino;Bege;CORBEG;26/11/2024
Tênis;PRD3380;Tênis Comfort;35;TAM35;24;R$ 304,54;Aventura;Unissex;Preto;CORPRE;08/04/2024
Tênis;PRD8722;Tênis Urban;39;TAM39;92;R$ 287,75;Infantil;Infantil;Preto;CORPRE;13/12/2024
Sandália;PRD7941;Sandália Runner;42;TAM42;88;R$ 678,07;Casual;Feminino;Marrom;CORMAR;22/09/2024
Chinelo;PRD8171;Chinelo Pro;37;TAM37;85;R$ 210,11;Esportivo;Infantil;Azul;CORAZU;15/12/2024
Chinelo;PRD1344;Chinelo Urban;42;TAM42;11;R$ 457,24;Aventura;Masculino;Preto;CORPRE;07/11/2024
Papete;PRD6397;Papete Runner;39;TAM39;39;R$ 765,70;Aventura;Infantil;Marrom;CORMAR;01/09/2024
Bota;PRD2417;Bota Flex;40;TAM40;66;R$ 146,77;Esportivo;Feminino;Marrom;CORMAR;02/12/2024
Sapato;PRD6941;Sapato Max;42;TAM42;11;R$ 147,05;Infantil;Unissex;Bege;CORBEG;25/01/2025
Papete;PRD2976;Papete Urban;40;TAM40;30;R$ 178,88;Social;Infantil;Amarelo;CORAMA;24/01/2025
Bota;PRD2158;Bota Max;34;TAM34;7;R$ 573,27;Infantil;Infantil;Cinza;CORCIN;18/12/2024
Crocs;PRD7442;Crocs Pro;44;TAM44;19;R$ 617,67;Social;Feminino;Preto;CORPRE;10/01/2024
Chuteira;PRD5451;Chuteira Comfort;43;TAM43;49;R$ 225,43;Aventura;Unissex;Preto;CORPRE;16/02/2024
Chinelo;PRD7306;Chinelo Lite;38;TAM38;46;R$ 591,24;Casual;Unissex;Preto;CORPRE;12/01/2024
Sandália;PRD9058;Sandália Flex;40;TAM40;86;R$ 324,10;Infantil;Unissex;Vermelho;CORVER;11/03/2024
Sandália;PRD6620;Sandália Urban;42;TAM42;10;R$ 366,67;Infantil;Feminino;Azul;CORAZU;20/01/2024
Sandália;PRD5540;Sandália Runner;42;TAM42;62;R$ 221,03;Aventura;Masculino;Azul;CORAZU;18/04/2024
Tênis;PRD5111;Tênis Comfort;36;TAM36;91;R$ 458,26;Esportivo;Masculino;Bege;CORBEG;09/05/2024
Sapato;PRD2423;Sapato Pro;36;TAM36;64;R$ 253,31;Esportivo;Masculino;Azul;CORAZU;12/01/2024
Sandália;PRD6527;Sandália Lite;34;TAM34;87;R$ 724,49;Esportivo;Masculino;Verde;CORVER;19/03/2024
Tênis;PRD1505;Tênis Flex;37;TAM37;80;R$ 236,81;Casual;Feminino;Amarelo;CORAMA;06/04/2024
Chuteira;PRD2573;Chuteira Flex;40;TAM40;51;R$ 418,43;Infantil;Masculino;Verde;CORVER;31/01/2024
Crocs;PRD6485;Crocs Lite;43;TAM43;85;R$ 585,14;Aventura;Masculino;Cinza;CORCIN;04/08/2024
Chinelo;PRD3165;Chinelo Runner;41;TAM41;64;R$ 315,36;Aventura;Masculino;Rosa;CORROS;11/05/2024
Bota;PRD8709;Bota Lite;42;TAM42;22;R$ 433,43;Social;Feminino;Bege;CORBEG;28/09/2024
Chuteira;PRD2904;Chuteira Lite;37;TAM37;95;R$ 697,14;Social;Unissex;Azul;CORAZU;03/08/2024
Tênis;PRD5796;Tênis Comfort;37;TAM37;12;R$ 470,59;Infantil;Infantil;Bege;CORBEG;19/08/2024
Crocs;PRD8856;Crocs Comfort;42;TAM42;76;R$ 475,72;Infantil;Feminino;Bege;CORBEG;07/05/2024
Sandália;PRD3094;Sandália Flex;34;TAM34;80;R$ 732,37;Casual;Feminino;Verde;CORVER;30/01/2025
Chinelo;PRD9558;Chinelo Flex;39;TAM39;84;R$ 788,21;Esportivo;Infantil;Preto;CORPRE;01/08/2024
Chinelo;PRD5676;Chinelo Max;35;TAM35;59;R$ 448,44;Aventura;Infantil;Bege;CORBEG;26/08/2024
Tênis;PRD4913;Tênis Urban;37;TAM37;62;R$ 396,25;Esportivo;Feminino;Amarelo;CORAMA;28/02/2024
Mocassim;PRD7262;Mocassim Comfort;41;TAM41;23;R$ 439,67;Infantil;Unissex;Rosa;CORROS;19/03/2024
Crocs;PRD1645;Crocs Comfort;35;TAM35;22;R$ 789,16;Aventura;Infantil;Verde;CORVER;27/07/2024
Crocs;PRD2287;Crocs Flex;34;TAM34;66;R$ 504,72;Esportivo;Masculino;Bege;CORBEG;27/11/2024
Sapato;PRD8013;Sapato Runner;44;TAM44;3;R$ 389,86;Esportivo;Unissex;Marrom;CORMAR;24/08/2024
Sandália;PRD6379;Sandália Runner;34;TAM34;21;R$ 330,45;Casual;Unissex;Branco;CORBRA;20/06/2024
Crocs;PRD9544;Crocs Max;34;TAM34;48;R$ 725,50;Casual;Infantil;Preto;CORPRE;16/06/2024
Sandália;PRD3476;Sandália Max;39;TAM39;39;R$ 717,71;Infantil;Infantil;Azul;CORAZU;02/07/2024
Sapatênis;PRD7229;Sapatênis Comfort;42;TAM42;59;R$ 158,79;Aventura;Feminino;Rosa;CORROS;17/01/2024
Chuteira;PRD9162;Chuteira Comfort;37;TAM37;64;R$ 274,67;Esportivo;Unissex;Azul;CORAZU;26/03/2024
Bota;PRD3495;Bota Flex;37;TAM37;73;R$ 646,11;Social;Feminino;Preto;CORPRE;26/08/2024
Chinelo;PRD1716;Chinelo Flex;42;TAM42;31;R$ 470,35;Casual;Unissex;Vermelho;CORVER;12/06/2024
Tênis;PRD2869;Tênis Runner;36;TAM36;74;R$ 683,37;Infantil;Masculino;Vermelho;CORVER;04/11/2024
Bota;PRD2850;Bota Comfort;36;TAM36;79;R$ 641,53;Aventura;Masculino;Preto;CORPRE;24/12/2024
Sapato;PRD2344;Sapato Runner;40;TAM40;50;R$ 250,35;Aventura;Masculino;Marrom;CORMAR;27/08/2024
Tênis;PRD3237;Tênis Max;34;TAM34;57;R$ 449,08;Infantil;Feminino;Rosa;CORROS;18/10/2024
Bota;PRD7913;Bota Runner;42;TAM42;95;R$ 246,91;Casual;Infantil;Marrom;CORMAR;31/12/2024
Sandália;PRD4847;Sandália Urban;39;TAM39;92;R$ 624,42;Social;Unissex;Bege;CORBEG;19/04/2024
Bota;PRD4927;Bota Urban;36;TAM36;87;R$ 738,69;Esportivo;Feminino;Amarelo;CORAMA;16/10/2024
Papete;PRD5721;Papete Lite;37;TAM37;36;R$ 124,29;Infantil;Infantil;Amarelo;CORAMA;30/12/2024
Chuteira;PRD3759;Chuteira Max;40;TAM40;46;R$ 250,18;Social;Unissex;Amarelo;CORAMA;09/10/2024
Chuteira;PRD4414;Chuteira Pro;35;TAM35;71;R$ 277,91;Infantil;Masculino;Cinza;CORCIN;25/10/2024
Sapatênis;PRD4394;Sapatênis Pro;41;TAM41;89;R$ 129,32;Social;Unissex;Vermelho;CORVER;29/01/2024
Sapato;PRD3486;Sapato Urban;44;TAM44;31;R$ 185,11;Infantil;Infantil;Branco;CORBRA;29/10/2024
Tênis;PRD4811;Tênis Pro;36;TAM36;55;R$ 358,06;Infantil;Masculino;Marrom;CORMAR;20/03/2024
Sandália;PRD9115;Sandália Urban;39;TAM39;13;R$ 390,92;Infantil;Unissex;Marrom;CORMAR;02/01/2024
Sapatênis;PRD7749;Sapatênis Max;44;TAM44;38;R$ 712,17;Social;Masculino;Azul;CORAZU;16/12/2024
Chuteira;PRD6331;Chuteira Comfort;35;TAM35;68;R$ 303,87;Infantil;Infantil;Marrom;CORMAR;10/09/2024
Bota;PRD5567;Bota Pro;40;TAM40;93;R$ 313,41;Casual;Unissex;Rosa;CORROS;29/03/2024
Sandália;PRD3542;Sandália Flex;35;TAM35;5;R$ 204,20;Casual;Infantil;Branco;CORBRA;24/03/2024
Chinelo;PRD4049;Chinelo Pro;37;TAM37;54;R$ 258,54;Casual;Feminino;Rosa;CORROS;22/03/2024
Bota;PRD7759;Bota Urban;38;TAM38;88;R$ 269,45;Infantil;Unissex;Preto;CORPRE;25/04/2024
Crocs;PRD7210;Crocs Runner;37;TAM37;35;R$ 576,83;Esportivo;Infantil;Vermelho;CORVER;01/08/2024
Sapatênis;PRD3235;Sapatênis Comfort;38;TAM38;72;R$ 710,61;Casual;Masculino;Rosa;CORROS;09/03/2024
Chuteira;PRD3783;Chuteira Comfort;38;TAM38;97;R$ 331,44;Aventura;Feminino;Amarelo;CORAMA;01/03/2024
Chuteira;PRD2584;Chuteira Lite;41;TAM41;94;R$ 625,80;Casual;Masculino;Preto;CORPRE;16/10/2024
Sapatênis;PRD3661;Sapatênis Max;40;TAM40;85;R$ 459,91;Social;Masculino;Verde;CORVER;29/05/2024
Crocs;PRD3424;Crocs Flex;34;TAM34;89;R$ 212,13;Aventura;Masculino;Preto;CORPRE;07/09/2024
Mocassim;PRD7204;Mocassim Comfort;41;TAM41;32;R$ 345,74;Aventura;Feminino;Preto;CORPRE;09/03/2024
Sapatênis;PRD4080;Sapatênis Runner;35;TAM35;76;R$ 305,30;Social;Unissex;Marrom;CORMAR;26/02/2024
Sapatênis;PRD2759;Sapatênis Flex;41;TAM41;75;R$ 576,85;Infantil;Feminino;Vermelho;CORVER;01/07/2024
Chuteira;PRD8409;Chuteira Lite;38;TAM38;56;R$ 183,15;Esportivo;Unissex;Azul;CORAZU;04/01/2024
Sapato;PRD8376;Sapato Comfort;37;TAM37;21;R$ 274,80;Social;Unissex;Branco;CORBRA;30/10/2024
Crocs;PRD8634;Crocs Runner;41;TAM41;89;R$ 220,94;Casual;Masculino;Verde;CORVER;30/09/2024
Papete;PRD4211;Papete Comfort;34;TAM34;14;R$ 417,36;Aventura;Unissex;Preto;CORPRE;14/01/2025
Tênis;PRD5823;Tênis Pro;36;TAM36;61;R$ 292,29;Infantil;Unissex;Azul;CORAZU;21/07/2024
Bota;PRD2769;Bota Lite;42;TAM42;50;R$ 503,70;Aventura;Unissex;Bege;CORBEG;18/03/2024
Tênis;PRD8225;Tênis Urban;41;TAM41;20;R$ 616,63;Casual;Masculino;Verde;CORVER;09/01/2024
Sapatênis;PRD1526;Sapatênis Runner;35;TAM35;45;R$ 256,21;Infantil;Infantil;Preto;CORPRE;15/12/2024
Tênis;PRD1447;Tênis Flex;43;TAM43;59;R$ 350,03;Infantil;Unissex;Bege;CORBEG;18/10/2024
Sandália;PRD3687;Sandália Comfort;35;TAM35;82;R$ 357,30;Esportivo;Infantil;Branco;CORBRA;22/10/2024
Chuteira;PRD5105;Chuteira Comfort;39;TAM39;100;R$ 666,83;Aventura;Masculino;Vermelho;CORVER;09/12/2024
Tênis;PRD9659;Tênis Flex;37;TAM37;18;R$ 775,65;Esportivo;Unissex;Verde;CORVER;16/09/2024
Mocassim;PRD3508;Mocassim Flex;34;TAM34;34;R$ 745,89;Casual;Masculino;Preto;CORPRE;15/02/2024
Sapatênis;PRD1110;Sapatênis Max;43;TAM43;54;R$ 424,53;Aventura;Masculino;Vermelho;CORVER;28/11/2024
Chinelo;PRD7063;Chinelo Pro;39;TAM39;93;R$ 161,44;Casual;Feminino;Amarelo;CORAMA;09/03/2024
Mocassim;PRD9432;Mocassim Pro;37;TAM37;54;R$ 727,34;Casual;Infantil;Preto;CORPRE;18/01/2024
Papete;PRD9100;Papete Max;38;TAM38;50;R$ 601,53;Aventura;Unissex;Amarelo;CORAMA;06/12/2024
Papete;PRD9105;Papete Flex;38;TAM38;55;R$ 241,80;Infantil;Feminino;Marrom;CORMAR;21/08/2024
Bota;PRD4378;Bota Pro;37;TAM37;87;R$ 381,50;Social;Feminino;Amarelo;CORAMA;08/05/2024
Sapatênis;PRD9088;Sapatênis Lite;40;TAM40;39;R$ 248,84;Esportivo;Unissex;Bege;CORBEG;15/08/2024
Chinelo;PRD4103;Chinelo Pro;44;TAM44;3;R$ 442,72;Casual;Infantil;Preto;CORPRE;27/01/2024
Sapatênis;PRD1821;Sapatênis Comfort;44;TAM44;99;R$ 292,77;Infantil;Feminino;Preto;CORPRE;02/01/2024
Mocassim;PRD2413;Mocassim Comfort;39;TAM39;22;R$ 357,31;Social;Masculino;Marrom;CORMAR;18/08/2024
Sapato;PRD5002;Sapato Runner;36;TAM36;94;R$ 461,86;Casual;Masculino;Verde;CORVER;24/03/2024
Chinelo;PRD9134;Chinelo Runner;36;TAM36;84;R$ 587,67;Esportivo;Masculino;Preto;CORPRE;09/01/2024
Sandália;PRD3458;Sandália Urban;39;TAM39;19;R$ 554,24;Casual;Infantil;Amarelo;CORAMA;18/03/2024
Sapatênis;PRD4647;Sapatênis Lite;34;TAM34;49;R$ 150,71;Esportivo;Feminino;Vermelho;CORVER;03/06/2024
Mocassim;PRD5019;Mocassim Flex;35;TAM35;84;R$ 323,80;Social;Infantil;Branco;CORBRA;31/01/2025
Sapatênis;PRD8028;Sapatênis Pro;37;TAM37;43;R$ 536,55;Casual;Feminino;Vermelho;CORVER;06/08/2024
Crocs;PRD2362;Crocs Max;39;TAM39;4;R$ 139,30;Casual;Unissex;Azul;CORAZU;01/08/2024
Chuteira;PRD3334;Chuteira Comfort;38;TAM38;58;R$ 324,10;Social;Masculino;Amarelo;CORAMA;11/05/2024
Tênis;PRD1456;Tênis Runner;38;TAM38;18;R$ 313,30;Social;Feminino;Vermelho;CORVER;18/04/2024
Tênis;PRD3135;Tênis Lite;34;TAM34;94;R$ 622,03;Social;Masculino;Verde;CORVER;20/05/2024
Chinelo;PRD8477;Chinelo Urban;37;TAM37;86;R$ 377,11;Casual;Infantil;Vermelho;CORVER;20/04/2024
Chuteira;PRD9862;Chuteira Runner;42;TAM42;91;R$ 237,28;Infantil;Feminino;Vermelho;CORVER;07/10/2024
Chinelo;PRD1868;Chinelo Urban;43;TAM43;18;R$ 333,35;Aventura;Unissex;Marrom;CORMAR;29/12/2024
Crocs;PRD3196;Crocs Max;40;TAM40;72;R$ 726,71;Aventura;Unissex;Marrom;CORMAR;09/03/2024
Crocs;PRD2367;Crocs Runner;37;TAM37;88;R$ 647,95;Infantil;Feminino;Amarelo;CORAMA;16/03/2024
Chuteira;PRD6623;Chuteira Lite;35;TAM35;63;R$ 309,74;Aventura;Masculino;Preto;CORPRE;11/01/2025
Sapatênis;PRD1847;Sapatênis Lite;38;TAM38;74;R$ 258,52;Casual;Masculino;Marrom;CORMAR;09/01/2024
Sapatênis;PRD1016;Sapatênis Max;35;TAM35;57;R$ 410,17;Social;Feminino;Branco;CORBRA;07/06/2024
Chuteira;PRD3147;Chuteira Pro;44;TAM44;27;R$ 596,26;Esportivo;Infantil;Branco;CORBRA;23/04/2024
Bota;PRD9615;Bota Lite;44;TAM44;55;R$ 677,11;Social;Feminino;Marrom;CORMAR;10/06/2024
Sapatênis;PRD5721;Sapatênis Urban;38;TAM38;5;R$ 712,68;Infantil;Unissex;Branco;CORBRA;14/12/2024
Tênis;PRD8355;Tênis Pro;39;TAM39;16;R$ 632,36;Casual;Masculino;Branco;CORBRA;10/11/2024
Chuteira;PRD4451;Chuteira Lite;35;TAM35;46;R$ 156,51;Aventura;Infantil;Azul;CORAZU;18/06/2024
Crocs;PRD4502;Crocs Comfort;42;TAM42;60;R$ 196,75;Casual;Infantil;Rosa;CORROS;23/12/2024
Papete;PRD6853;Papete Lite;42;TAM42;50;R$ 559,62;Casual;Feminino;Preto;CORPRE;27/04/2024
Chuteira;PRD7087;Chuteira Urban;42;TAM42;3;R$ 605,96;Casual;Infantil;Bege;CORBEG;17/06/2024
Chuteira;PRD5249;Chuteira Urban;35;TAM35;89;R$ 399,19;Casual;Infantil;Marrom;CORMAR;12/02/2024
Papete;PRD7450;Papete Comfort;38;TAM38;37;R$ 640,24;Infantil;Infantil;Amarelo;CORAMA;24/03/2024
Sapatênis;PRD2043;Sapatênis Max;41;TAM41;25;R$ 610,39;Social;Masculino;Cinza;CORCIN;26/01/2024
Papete;PRD4421;Papete Comfort;36;TAM36;81;R$ 108,42;Social;Infantil;Azul;CORAZU;19/09/2024
Sapato;PRD5943;Sapato Lite;42;TAM42;20;R$ 762,19;Social;Feminino;Amarelo;CORAMA;10/11/2024
Tênis;PRD6208;Tênis Lite;39;TAM39;83;R$ 535,72;Esportivo;Infantil;Azul;CORAZU;05/09/2024
Sapato;PRD3695;Sapato Flex;37;TAM37;97;R$ 466,29;Aventura;Infantil;Cinza;CORCIN;24/12/2024
Sapatênis;PRD6908;Sapatênis Max;44;TAM44;82;R$ 204,52;Infantil;Unissex;Bege;CORBEG;10/06/2024
Papete;PRD1156;Papete Max;44;TAM44;78;R$ 585,41;Esportivo;Masculino;Bege;CORBEG;15/08/2024
Mocassim;PRD5541;Mocassim Max;37;TAM37;77;R$ 668,15;Casual;Masculino;Amarelo;CORAMA;21/11/2024
Sandália;PRD9599;Sandália Lite;42;TAM42;89;R$ 727,74;Social;Feminino;Preto;CORPRE;10/08/2024
Sapatênis;PRD5013;Sapatênis Comfort;34;TAM34;87;R$ 516,28;Social;Feminino;Azul;CORAZU;02/06/2024
Mocassim;PRD2367;Mocassim Pro;38;TAM38;65;R$ 648,79;Infantil;Unissex;Marrom;CORMAR;13/11/2024
Crocs;PRD7772;Crocs Max;42;TAM42;15;R$ 704,29;Aventura;Masculino;Vermelho;CORVER;21/08/2024
Chuteira;PRD1807;Chuteira Flex;40;TAM40;35;R$ 359,45;Casual;Feminino;Bege;CORBEG;29/01/2024
Mocassim;PRD8129;Mocassim Urban;42;TAM42;87;R$ 322,29;Aventura;Infantil;Rosa;CORROS;01/03/2024
Tênis;PRD4055;Tênis Pro;43;TAM43;41;R$ 626,93;Infantil;Infantil;Bege;CORBEG;14/10/2024
Sapatênis;PRD2380;Sapatênis Max;41;TAM41;14;R$ 357,70;Casual;Infantil;Azul;CORAZU;19/02/2024
Chinelo;PRD4934;Chinelo Max;42;TAM42;41;R$ 368,35;Aventura;Unissex;Preto;CORPRE;13/09/2024
Sapatênis;PRD6430;Sapatênis Urban;38;TAM38;69;R$ 389,65;Social;Infantil;Verde;CORVER;10/10/2024
Sandália;PRD6671;Sandália Max;42;TAM42;41;R$ 546,72;Aventura;Unissex;Azul;CORAZU;04/09/2024
Sapato;PRD7516;Sapato Lite;41;TAM41;48;R$ 532,60;Casual;Feminino;Verde;CORVER;23/02/2024
Papete;PRD6571;Papete Comfort;43;TAM43;11;R$ 465,06;Esportivo;Infantil;Verde;CORVER;13/05/2024
Sandália;PRD3489;Sandália Runner;43;TAM43;54;R$ 397,24;Aventura;Unissex;Bege;CORBEG;02/07/2024
Crocs;PRD4750;Crocs Urban;35;TAM35;97;R$ 518,66;Esportivo;Unissex;Cinza;CORCIN;27/12/2024
Papete;PRD3959;Papete Comfort;35;TAM35;71;R$ 164,10;Esportivo;Infantil;Azul;CORAZU;21/03/2024
Papete;PRD7093;Papete Lite;43;TAM43;29;R$ 376,78;Social;Feminino;Azul;CORAZU;05/02/2024
Sapato;PRD1574;Sapato Max;36;TAM36;21;R$ 348,04;Casual;Feminino;Branco;CORBRA;12/04/2024
Chinelo;PRD3206;Chinelo Urban;43;TAM43;39;R$ 549,19;Esportivo;Unissex;Azul;CORAZU;07/02/2024
Tênis;PRD6510;Tênis Runner;39;TAM39;20;R$ 114,21;Esportivo;Feminino;Vermelho;CORVER;02/05/2024
Sapatênis;PRD7592;Sapatênis Urban;35;TAM35;40;R$ 217,18;Casual;Masculino;Branco;CORBRA;09/04/2024
Tênis;PRD7976;Tênis Flex;37;TAM37;23;R$ 577,67;Social;Masculino;Marrom;CORMAR;03/10/2024
Chuteira;PRD2990;Chuteira Flex;36;TAM36;44;R$ 299,93;Infantil;Unissex;Vermelho;CORVER;06/07/2024
Sandália;PRD8387;Sandália Pro;36;TAM36;42;R$ 760,68;Esportivo;Unissex;Verde;CORVER;23/07/2024
Bota;PRD9583;Bota Flex;39;TAM39;10;R$ 780,07;Infantil;Unissex;Verde;CORVER;21/05/2024
Sandália;PRD4501;Sandália Max;34;TAM34;13;R$ 332,51;Casual;Infantil;Cinza;CORCIN;12/08/2024
Crocs;PRD1552;Crocs Pro;40;TAM40;17;R$ 785,54;Infantil;Feminino;Branco;CORBRA;10/11/2024
Chuteira;PRD4475;Chuteira Comfort;43;TAM43;64;R$ 707,92;Social;Masculino;Amarelo;CORAMA;16/04/2024
Sapato;PRD9128;Sapato Pro;42;TAM42;49;R$ 730,28;Aventura;Masculino;Preto;CORPRE;20/08/2024
Tênis;PRD9292;Tênis Pro;43;TAM43;6;R$ 528,89;Infantil;Unissex;Marrom;CORMAR;06/09/2024
Crocs;PRD6338;Crocs Max;37;TAM37;1;R$ 793,59;Infantil;Infantil;Cinza;CORCIN;04/09/2024
Papete;PRD9519;Papete Pro;38;TAM38;89;R$ 511,50;Infantil;Unissex;Branco;CORBRA;03/09/2024
Sapatênis;PRD7711;Sapatênis Runner;36;TAM36;35;R$ 186,31;Casual;Unissex;Verde;CORVER;05/02/2024
Sapatênis;PRD5340;Sapatênis Runner;38;TAM38;15;R$ 209,22;Social;Unissex;Preto;CORPRE;26/01/2024
Chuteira;PRD8367;Chuteira Flex;35;TAM35;54;R$ 328,02;Social;Masculino;Rosa;CORROS;18/08/2024
Chuteira;PRD6975;Chuteira Urban;39;TAM39;78;R$ 278,38;Esportivo;Infantil;Verde;CORVER;01/06/2024
Sapato;PRD6909;Sapato Runner;41;TAM41;55;R$ 649,89;Aventura;Unissex;Cinza;CORCIN;05/08/2024
Sapato;PRD4183;Sapato Comfort;42;TAM42;100;R$ 386,16;Aventura;Unissex;Bege;CORBEG;29/12/2024
Papete;PRD4520;Papete Max;41;TAM41;100;R$ 778,95;Esportivo;Unissex;Marrom;CORMAR;17/03/2024
Sapato;PRD8572;Sapato Urban;39;TAM39;77;R$ 311,83;Infantil;Feminino;Rosa;CORROS;11/03/2024
Tênis;PRD8687;Tênis Comfort;44;TAM44;68;R$ 476,54;Esportivo;Masculino;Marrom;CORMAR;20/08/2024
Crocs;PRD4388;Crocs Lite;37;TAM37;42;R$ 791,49;Esportivo;Feminino;Amarelo;CORAMA;20/08/2024
Chinelo;PRD7108;Chinelo Flex;36;TAM36;87;R$ 212,22;Casual;Feminino;Amarelo;CORAMA;19/04/2024
Sandália;PRD1489;Sandália Urban;35;TAM35;47;R$ 151,84;Social;Infantil;Amarelo;CORAMA;17/06/2024
Crocs;PRD4768;Crocs Comfort;40;TAM40;41;R$ 137,87;Aventura;Unissex;Azul;CORAZU;04/01/2025
Mocassim;PRD1076;Mocassim Runner;44;TAM44;65;R$ 309,79;Esportivo;Feminino;Preto;CORPRE;20/11/2024
Sapatênis;PRD8883;Sapatênis Runner;42;TAM42;78;R$ 309,29;Infantil;Infantil;Azul;CORAZU;12/08/2024
Papete;PRD5473;Papete Lite;44;TAM44;32;R$ 405,28;Esportivo;Feminino;Vermelho;CORVER;01/12/2024
Bota;PRD4916;Bota Pro;39;TAM39;12;R$ 462,13;Esportivo;Feminino;Marrom;CORMAR;20/12/2024
Chuteira;PRD2220;Chuteira Lite;41;TAM41;85;R$ 364,80;Infantil;Infantil;Rosa;CORROS;23/12/2024
Papete;PRD6033;Papete Comfort;34;TAM34;73;R$ 329,20;Esportivo;Masculino;Cinza;CORCIN;28/03/2024
Chuteira;PRD7790;Chuteira Pro;36;TAM36;5;R$ 666,93;Casual;Unissex;Preto;CORPRE;14/03/2024
Mocassim;PRD7440;Mocassim Comfort;40;TAM40;42;R$ 729,58;Social;Unissex;Vermelho;CORVER;12/11/2024
Sapatênis;PRD4491;Sapatênis Lite;37;TAM37;28;R$ 542,24;Aventura;Feminino;Vermelho;CORVER;19/04/2024
Tênis;PRD7788;Tênis Urban;37;TAM37;94;R$ 289,47;Casual;Unissex;Azul;CORAZU;19/10/2024
Chinelo;PRD8981;Chinelo Pro;35;TAM35;74;R$ 634,17;Esportivo;Feminino;Verde;CORVER;18/01/2024
Tênis;PRD1997;Tênis Urban;42;TAM42;71;R$ 783,62;Infantil;Feminino;Rosa;CORROS;04/01/2024
Chuteira;PRD2748;Chuteira Pro;42;TAM42;70;R$ 602,39;Esportivo;Masculino;Amarelo;CORAMA;01/03/2024
Crocs;PRD2958;Crocs Comfort;35;TAM35;61;R$ 583,12;Esportivo;Unissex;Preto;CORPRE;01/06/2024
Sandália;PRD4597;Sandália Urban;42;TAM42;100;R$ 473,68;Casual;Masculino;Bege;CORBEG;29/12/2024
Sandália;PRD1253;Sandália Flex;42;TAM42;54;R$ 742,63;Infantil;Feminino;Azul;CORAZU;26/03/2024
Chinelo;PRD5817;Chinelo Comfort;38;TAM38;73;R$ 409,02;Aventura;Unissex;Preto;CORPRE;23/01/2025
Bota;PRD9220;Bota Runner;37;TAM37;46;R$ 778,38;Casual;Infantil;Branco;CORBRA;18/01/2024
Papete;PRD5662;Papete Pro;43;TAM43;64;R$ 398,38;Aventura;Masculino;Branco;CORBRA;21/01/2025
Sandália;PRD4509;Sandália Flex;41;TAM41;89;R$ 119,18;Esportivo;Masculino;Branco;CORBRA;23/12/2024
Crocs;PRD5804;Crocs Urban;41;TAM41;16;R$ 345,17;Esportivo;Masculino;Preto;CORPRE;30/11/2024
Tênis;PRD6218;Tênis Runner;38;TAM38;17;R$ 701,84;Esportivo;Infantil;Branco;CORBRA;07/06/2024
Chinelo;PRD7699;Chinelo Flex;36;TAM36;63;R$ 545,20;Casual;Unissex;Azul;CORAZU;09/06/2024
Papete;PRD2182;Papete Flex;38;TAM38;10;R$ 652,31;Aventura;Unissex;Vermelho;CORVER;24/04/2024
Papete;PRD5197;Papete Max;35;TAM35;73;R$ 280,96;Social;Infantil;Amarelo;CORAMA;22/12/2024
Sandália;PRD5071;Sandália Urban;40;TAM40;17;R$ 230,50;Social;Infantil;Marrom;CORMAR;09/03/2024
Bota;PRD4261;Bota Lite;41;TAM41;61;R$ 172,58;Aventura;Infantil;Preto;CORPRE;23/07/2024
Sapatênis;PRD2531;Sapatênis Pro;34;TAM34;90;R$ 579,04;Aventura;Unissex;Rosa;CORROS;26/04/2024
Tênis;PRD7448;Tênis Urban;39;TAM39;3;R$ 162,82;Social;Infantil;Branco;CORBRA;14/01/2025
Chinelo;PRD7486;Chinelo Max;42;TAM42;31;R$ 202,37;Esportivo;Unissex;Rosa;CORROS;17/07/2024
Sandália;PRD8759;Sandália Comfort;40;TAM40;35;R$ 277,84;Aventura;Unissex;Bege;CORBEG;03/07/2024
Papete;PRD1306;Papete Lite;42;TAM42;78;R$ 557,55;Casual;Infantil;Verde;CORVER;19/08/2024
Sandália;PRD8189;Sandália Runner;41;TAM41;13;R$ 540,81;Casual;Masculino;Azul;CORAZU;22/10/2024
Chinelo;PRD2392;Chinelo Max;42;TAM42;24;R$ 596,00;Social;Unissex;Rosa;CORROS;06/07/2024
Tênis;PRD6329;Tênis Urban;36;TAM36;16;R$ 754,58;Infantil;Masculino;Rosa;CORROS;28/07/2024
Sapatênis;PRD1405;Sapatênis Pro;44;TAM44;14;R$ 776,45;Esportivo;Infantil;Azul;CORAZU;03/01/2025
Tênis;PRD4348;Tênis Comfort;36;TAM36;85;R$ 196,43;Aventura;Unissex;Cinza;CORCIN;22/05/2024
Chuteira;PRD3691;Chuteira Runner;44;TAM44;89;R$ 592,21;Social;Masculino;Marrom;CORMAR;24/02/2024
Chuteira;PRD1621;Chuteira Pro;38;TAM38;45;R$ 412,61;Aventura;Infantil;Azul;CORAZU;30/01/2025
Sapato;PRD4702;Sapato Urban;38;TAM38;14;R$ 571,23;Infantil;Infantil;Branco;CORBRA;06/12/2024
Chinelo;PRD7208;Chinelo Pro;36;TAM36;92;R$ 295,39;Casual;Unissex;Vermelho;CORVER;21/01/2025
Crocs;PRD2565;Crocs Urban;41;TAM41;8;R$ 529,90;Social;Feminino;Vermelho;CORVER;29/07/2024
Papete;PRD6023;Papete Comfort;39;TAM39;77;R$ 604,45;Aventura;Masculino;Bege;CORBEG;07/07/2024
Chuteira;PRD1872;Chuteira Urban;43;TAM43;65;R$ 611,14;Esportivo;Masculino;Marrom;CORMAR;03/02/2024
Chuteira;PRD1536;Chuteira Comfort;37;TAM37;85;R$ 697,81;Aventura;Infantil;Amarelo;CORAMA;04/04/2024
Sandália;PRD6197;Sandália Runner;38;TAM38;59;R$ 246,52;Casual;Unissex;Preto;CORPRE;22/10/2024
Tênis;PRD2140;Tênis Urban;35;TAM35;10;R$ 307,35;Esportivo;Unissex;Bege;CORBEG;03/09/2024
Tênis;PRD5973;Tênis Pro;36;TAM36;86;R$ 442,65;Casual;Unissex;Branco;CORBRA;15/10/2024
Chuteira;PRD1518;Chuteira Pro;44;TAM44;73;R$ 694,73;Social;Unissex;Azul;CORAZU;10/12/2024
Sapato;PRD5326;Sapato Max;34;TAM34;73;R$ 501,56;Aventura;Infantil;Amarelo;CORAMA;28/02/2024
Sapatênis;PRD9640;Sapatênis Runner;39;TAM39;49;R$ 312,62;Esportivo;Unissex;Vermelho;CORVER;06/02/2024
Chuteira;PRD7341;Chuteira Comfort;35;TAM35;97;R$ 386,54;Infantil;Infantil;Bege;CORBEG;17/04/2024
Chinelo;PRD6235;Chinelo Urban;37;TAM37;27;R$ 674,92;Social;Masculino;Marrom;CORMAR;27/11/2024
Chuteira;PRD8964;Chuteira Pro;40;TAM40;32;R$ 479,86;Social;Feminino;Marrom;CORMAR;29/06/2024
Tênis;PRD3284;Tênis Urban;37;TAM37;29;R$ 707,56;Aventura;Unissex;Marrom;CORMAR;03/04/2024
Chuteira;PRD1609;Chuteira Flex;42;TAM42;34;R$ 691,48;Social;Feminino;Verde;CORVER;23/07/2024
Tênis;PRD7010;Tênis Flex;40;TAM40;35;R$ 607,62;Social;Unissex;Branco;CORBRA;02/12/2024
Crocs;PRD7367;Crocs Runner;42;TAM42;6;R$ 406,75;Esportivo;Unissex;Cinza;CORCIN;28/05/2024
Chuteira;PRD8414;Chuteira Pro;37;TAM37;16;R$ 230,52;Social;Unissex;Branco;CORBRA;15/01/2025
Papete;PRD6726;Papete Urban;39;TAM39;34;R$ 753,07;Infantil;Masculino;Azul;CORAZU;04/07/2024
Tênis;PRD7025;Tênis Comfort;39;TAM39;30;R$ 398,77;Casual;Unissex;Vermelho;CORVER;10/01/2024
Chinelo;PRD4880;Chinelo Max;42;TAM42;76;R$ 785,29;Infantil;Infantil;Branco;CORBRA;26/06/2024
Crocs;PRD4456;Crocs Comfort;39;TAM39;21;R$ 126,84;Aventura;Infantil;Cinza;CORCIN;03/08/2024
Chuteira;PRD2491;Chuteira Pro;42;TAM42;30;R$ 181,49;Esportivo;Unissex;Branco;CORBRA;20/07/2024
Papete;PRD3909;Papete Pro;34;TAM34;17;R$ 214,30;Infantil;Masculino;Branco;CORBRA;14/04/2024
Mocassim;PRD9588;Mocassim Lite;43;TAM43;2;R$ 522,27;Esportivo;Unissex;Preto;CORPRE;23/12/2024
Bota;PRD1264;Bota Runner;43;TAM43;97;R$ 491,25;Esportivo;Infantil;Rosa;CORROS;04/08/2024
Mocassim;PRD9938;Mocassim Max;42;TAM42;71;R$ 712,30;Social;Unissex;Marrom;CORMAR;21/12/2024
Chuteira;PRD7881;Chuteira Lite;39;TAM39;27;R$ 379,63;Esportivo;Infantil;Verde;CORVER;28/06/2024
Bota;PRD6664;Bota Urban;44;TAM44;35;R$ 124,66;Esportivo;Feminino;Branco;CORBRA;03/12/2024
Bota;PRD3835;Bota Pro;38;TAM38;50;R$ 500,70;Casual;Feminino;Verde;CORVER;24/06/2024
Bota;PRD7915;Bota Max;40;TAM40;55;R$ 761,56;Aventura;Infantil;Vermelho;CORVER;27/04/2024
Mocassim;PRD4677;Mocassim Comfort;41;TAM41;88;R$ 544,86;Esportivo;Infantil;Cinza;CORCIN;21/07/2024
Chinelo;PRD7817;Chinelo Comfort;43;TAM43;59;R$ 373,01;Social;Unissex;Vermelho;CORVER;09/08/2024
Chuteira;PRD7746;Chuteira Max;42;TAM42;13;R$ 120,01;Aventura;Masculino;Azul;CORAZU;09/01/2025
Bota;PRD3322;Bota Lite;38;TAM38;36;R$ 718,33;Esportivo;Infantil;Azul;CORAZU;08/12/2024
Mocassim;PRD3860;Mocassim Flex;42;TAM42;39;R$ 323,14;Casual;Masculino;Marrom;CORMAR;06/07/2024
Sandália;PRD6523;Sandália Comfort;35;TAM35;2;R$ 131,24;Casual;Unissex;Branco;CORBRA;16/07/2024
Tênis;PRD8129;Tênis Lite;44;TAM44;98;R$ 203,61;Casual;Unissex;Branco;CORBRA;01/06/2024
Sapato;PRD1878;Sapato Max;37;TAM37;1;R$ 451,79;Social;Unissex;Azul;CORAZU;22/10/2024
Chinelo;PRD6701;Chinelo Pro;40;TAM40;23;R$ 267,92;Infantil;Infantil;Cinza;CORCIN;05/04/2024
Crocs;PRD6858;Crocs Max;39;TAM39;92;R$ 573,97;Infantil;Masculino;Preto;CORPRE;04/06/2024
Bota;PRD2611;Bota Urban;44;TAM44;33;R$ 484,43;Casual;Unissex;Cinza;CORCIN;24/02/2024
Sandália;PRD9404;Sandália Urban;40;TAM40;66;R$ 165,01;Aventura;Masculino;Rosa;CORROS;23/02/2024
Tênis;PRD5482;Tênis Comfort;41;TAM41;57;R$ 449,56;Social;Infantil;Amarelo;CORAMA;11/06/2024
Sandália;PRD2224;Sandália Runner;42;TAM42;71;R$ 762,23;Aventura;Feminino;Verde;CORVER;19/10/2024
Sapatênis;PRD1102;Sapatênis Max;36;TAM36;10;R$ 692,31;Social;Infantil;Branco;CORBRA;15/02/2024
Chinelo;PRD1499;Chinelo Max;38;TAM38;47;R$ 445,16;Casual;Unissex;Azul;CORAZU;26/07/2024
Mocassim;PRD4925;Mocassim Comfort;40;TAM40;40;R$ 696,36;Social;Masculino;Vermelho;CORVER;30/07/2024
Sandália;PRD9701;Sandália Runner;36;TAM36;39;R$ 138,68;Social;Unissex;Marrom;CORMAR;29/11/2024
Tênis;PRD4466;Tênis Max;44;TAM44;69;R$ 749,55;Esportivo;Unissex;Rosa;CORROS;18/09/2024
Bota;PRD2426;Bota Urban;36;TAM36;45;R$ 356,04;Social;Masculino;Azul;CORAZU;14/01/2025
Tênis;PRD4800;Tênis Urban;42;TAM42;77;R$ 123,37;Esportivo;Feminino;Vermelho;CORVER;26/02/2024
Sapato;PRD9865;Sapato Comfort;43;TAM43;2;R$ 770,81;Infantil;Masculino;Amarelo;CORAMA;24/03/2024
Sapato;PRD3258;Sapato Lite;35;TAM35;70;R$ 174,17;Infantil;Infantil;Marrom;CORMAR;15/03/2024
Papete;PRD1440;Papete Urban;38;TAM38;56;R$ 457,82;Aventura;Unissex;Preto;CORPRE;02/03/2024
Sapatênis;PRD2121;Sapatênis Runner;41;TAM41;8;R$ 579,73;Esportivo;Unissex;Marrom;CORMAR;21/06/2024
Bota;PRD7990;Bota Urban;42;TAM42;96;R$ 383,96;Casual;Infantil;Rosa;CORROS;26/12/2024
Bota;PRD8055;Bota Runner;41;TAM41;62;R$ 312,36;Esportivo;Unissex;Verde;CORVER;01/01/2024
Papete;PRD7990;Papete Runner;37;TAM37;80;R$ 224,09;Esportivo;Infantil;Bege;CORBEG;28/01/2024
Tênis;PRD1747;Tênis Urban;42;TAM42;4;R$ 674,32;Aventura;Masculino;Amarelo;CORAMA;16/03/2024
Chinelo;PRD5503;Chinelo Lite;38;TAM38;22;R$ 381,12;Social;Unissex;Preto;CORPRE;31/03/2024
Tênis;PRD9115;Tênis Lite;39;TAM39;82;R$ 365,18;Social;Infantil;Vermelho;CORVER;26/11/2024
Papete;PRD8845;Papete Max;38;TAM38;26;R$ 367,27;Social;Masculino;Rosa;CORROS;10/11/2024
Sapato;PRD3116;Sapato Lite;41;TAM41;52;R$ 518,96;Infantil;Unissex;Bege;CORBEG;14/03/2024
Sapatênis;PRD4671;Sapatênis Pro;40;TAM40;83;R$ 502,55;Casual;Masculino;Bege;CORBEG;15/02/2024
Chinelo;PRD6330;Chinelo Comfort;37;TAM37;22;R$ 639,13;Social;Feminino;Vermelho;CORVER;13/02/2024
Sapatênis;PRD8334;Sapatênis Comfort;37;TAM37;33;R$ 519,80;Casual;Unissex;Rosa;CORROS;23/04/2024
Papete;PRD6333;Papete Urban;42;TAM42;77;R$ 110,44;Social;Masculino;Verde;CORVER;26/08/2024
Bota;PRD6985;Bota Pro;34;TAM34;34;R$ 760,30;Social;Infantil;Bege;CORBEG;11/04/2024
Mocassim;PRD5930;Mocassim Urban;34;TAM34;39;R$ 127,39;Aventura;Feminino;Vermelho;CORVER;04/01/2025
Crocs;PRD3830;Crocs Flex;44;TAM44;86;R$ 293,88;Social;Masculino;Branco;CORBRA;13/10/2024
Chuteira;PRD7644;Chuteira Comfort;34;TAM34;11;R$ 744,11;Esportivo;Masculino;Branco;CORBRA;07/01/2024
Tênis;PRD6839;Tênis Pro;34;TAM34;36;R$ 490,69;Casual;Unissex;Branco;CORBRA;21/07/2024
Chinelo;PRD4091;Chinelo Runner;42;TAM42;11;R$ 411,04;Infantil;Feminino;Bege;CORBEG;28/06/2024
Chinelo;PRD7915;Chinelo Runner;37;TAM37;93;R$ 620,29;Aventura;Feminino;Amarelo;CORAMA;16/02/2024
Chuteira;PRD2958;Chuteira Urban;35;TAM35;64;R$ 190,25;Aventura;Feminino;Amarelo;CORAMA;25/07/2024
Sapatênis;PRD1344;Sapatênis Flex;40;TAM40;76;R$ 645,75;Casual;Unissex;Branco;CORBRA;06/05/2024
Chuteira;PRD5506;Chuteira Runner;38;TAM38;98;R$ 326,01;Esportivo;Feminino;Bege;CORBEG;18/08/2024
Crocs;PRD1612;Crocs Urban;43;TAM43;16;R$ 584,05;Esportivo;Infantil;Verde;CORVER;11/05/2024
Mocassim;PRD4499;Mocassim Flex;39;TAM39;88;R$ 668,79;Social;Masculino;Bege;CORBEG;18/01/2025
Crocs;PRD4814;Crocs Runner;39;TAM39;1;R$ 492,80;Social;Masculino;Cinza;CORCIN;01/09/2024
Tênis;PRD3625;Tênis Flex;43;TAM43;48;R$ 367,76;Social;Infantil;Preto;CORPRE;15/06/2024
Mocassim;PRD9922;Mocassim Max;37;TAM37;73;R$ 276,67;Infantil;Infantil;Verde;CORVER;24/01/2025
Sapatênis;PRD8980;Sapatênis Max;37;TAM37;74;R$ 164,61;Social;Masculino;Preto;CORPRE;26/07/2024
Tênis;PRD3459;Tênis Flex;39;TAM39;1;R$ 383,95;Aventura;Unissex;Vermelho;CORVER;17/12/2024
Bota;PRD7835;Bota Runner;35;TAM35;45;R$ 178,63;Infantil;Infantil;Bege;CORBEG;11/04/2024
Papete;PRD1213;Papete Urban;41;TAM41;16;R$ 482,23;Aventura;Masculino;Verde;CORVER;02/03/2024
Sandália;PRD7153;Sandália Flex;38;TAM38;55;R$ 285,53;Esportivo;Masculino;Verde;CORVER;18/10/2024
Tênis;PRD2070;Tênis Lite;36;TAM36;17;R$ 267,06;Infantil;Masculino;Marrom;CORMAR;07/11/2024
Chinelo;PRD4040;Chinelo Urban;42;TAM42;40;R$ 327,89;Social;Feminino;Amarelo;CORAMA;16/04/2024
Sapato;PRD3148;Sapato Lite;42;TAM42;83;R$ 651,47;Social;Unissex;Preto;CORPRE;23/10/2024
Tênis;PRD9671;Tênis Comfort;41;TAM41;46;R$ 683,10;Infantil;Infantil;Cinza;CORCIN;05/08/2024
Papete;PRD5031;Papete Flex;35;TAM35;70;R$ 331,53;Social;Feminino;Verde;CORVER;08/04/2024
Sapatênis;PRD2434;Sapatênis Pro;38;TAM38;9;R$ 788,13;Infantil;Masculino;Verde;CORVER;16/06/2024
Chinelo;PRD5907;Chinelo Runner;37;TAM37;25;R$ 543,47;Infantil;Unissex;Verde;CORVER;06/10/2024
Sapato;PRD2081;Sapato Pro;42;TAM42;33;R$ 241,87;Casual;Unissex;Branco;CORBRA;11/12/2024
Sapatênis;PRD9542;Sapatênis Runner;39;TAM39;19;R$ 567,28;Aventura;Feminino;Cinza;CORCIN;17/12/2024
Chinelo;PRD5040;Chinelo Max;36;TAM36;43;R$ 258,78;Social;Masculino;Bege;CORBEG;23/11/2024
Sapatênis;PRD2389;Sapatênis Urban;38;TAM38;23;R$ 166,11;Esportivo;Feminino;Verde;CORVER;26/03/2024
Sapatênis;PRD1490;Sapatênis Flex;37;TAM37;50;R$ 390,77;Infantil;Infantil;Cinza;CORCIN;27/02/2024
Papete;PRD8009;Papete Urban;35;TAM35;50;R$ 473,83;Infantil;Unissex;Azul;CORAZU;25/10/2024
Crocs;PRD8984;Crocs Flex;42;TAM42;71;R$ 655,92;Infantil;Feminino;Branco;CORBRA;23/01/2025
Sapato;PRD5149;Sapato Pro;36;TAM36;76;R$ 277,98;Casual;Masculino;Amarelo;CORAMA;02/06/2024
Sapato;PRD9118;Sapato Pro;43;TAM43;41;R$ 742,94;Aventura;Unissex;Bege;CORBEG;24/01/2024
Bota;PRD7068;Bota Urban;35;TAM35;37;R$ 183,24;Casual;Masculino;Preto;CORPRE;04/06/2024
Sapato;PRD8573;Sapato Lite;40;TAM40;10;R$ 686,01;Esportivo;Feminino;Marrom;CORMAR;13/03/2024
Bota;PRD6333;Bota Max;38;TAM38;22;R$ 592,29;Infantil;Infantil;Verde;CORVER;27/02/2024
Mocassim;PRD2425;Mocassim Runner;43;TAM43;77;R$ 145,13;Casual;Feminino;Verde;CORVER;28/02/2024
Sandália;PRD5450;Sandália Pro;37;TAM37;53;R$ 440,24;Social;Masculino;Cinza;CORCIN;29/10/2024
Sapato;PRD7832;Sapato Comfort;38;TAM38;31;R$ 194,72;Casual;Masculino;Amarelo;CORAMA;01/08/2024
Tênis;PRD8443;Tênis Lite;35;TAM35;39;R$ 424,90;Casual;Unissex;Azul;CORAZU;23/02/2024
Sandália;PRD6453;Sandália Urban;35;TAM35;29;R$ 231,47;Aventura;Unissex;Marrom;CORMAR;27/12/2024
Sapatênis;PRD6554;Sapatênis Pro;38;TAM38;40;R$ 102,16;Infantil;Masculino;Cinza;CORCIN;18/01/2025
Crocs;PRD2875;Crocs Comfort;38;TAM38;51;R$ 400,62;Infantil;Unissex;Verde;CORVER;02/12/2024
Sapato;PRD9919;Sapato Max;37;TAM37;36;R$ 397,26;Social;Infantil;Branco;CORBRA;08/03/2024
Bota;PRD3494;Bota Runner;40;TAM40;91;R$ 212,52;Casual;Feminino;Cinza;CORCIN;02/06/2024
Papete;PRD6390;Papete Pro;37;TAM37;5;R$ 453,49;Aventura;Feminino;Preto;CORPRE;17/04/2024
Sapato;PRD7671;Sapato Urban;41;TAM41;4;R$ 630,56;Casual;Masculino;Verde;CORVER;16/01/2025
Sapato;PRD1077;Sapato Urban;44;TAM44;6;R$ 270,09;Social;Feminino;Bege;CORBEG;11/03/2024
Bota;PRD7054;Bota Pro;40;TAM40;92;R$ 578,27;Infantil;Unissex;Marrom;CORMAR;04/10/2024
Papete;PRD1201;Papete Max;37;TAM37;23;R$ 489,14;Infantil;Infantil;Cinza;CORCIN;05/08/2024
Bota;PRD4002;Bota Comfort;40;TAM40;44;R$ 668,42;Infantil;Masculino;Azul;CORAZU;08/11/2024
Chinelo;PRD1452;Chinelo Comfort;44;TAM44;79;R$ 605,34;Social;Infantil;Preto;CORPRE;18/05/2024
Sapato;PRD6047;Sapato Runner;36;TAM36;13;R$ 601,71;Casual;Infantil;Vermelho;CORVER;06/04/2024
Sapato;PRD7885;Sapato Flex;43;TAM43;70;R$ 379,66;Social;Infantil;Cinza;CORCIN;16/11/2024
Bota;PRD4819;Bota Urban;41;TAM41;72;R$ 684,64;Social;Unissex;Verde;CORVER;21/01/2024
Tênis;PRD5954;Tênis Comfort;36;TAM36;58;R$ 708,19;Infantil;Masculino;Marrom;CORMAR;30/12/2024
Bota;PRD3148;Bota Max;42;TAM42;78;R$ 729,57;Esportivo;Masculino;Amarelo;CORAMA;30/06/2024
Crocs;PRD6115;Crocs Flex;38;TAM38;13;R$ 258,65;Social;Feminino;Rosa;CORROS;18/04/2024
Bota;PRD4197;Bota Runner;34;TAM34;55;R$ 501,14;Aventura;Feminino;Bege;CORBEG;14/04/2024
Crocs;PRD5963;Crocs Urban;38;TAM38;3;R$ 655,35;Infantil;Masculino;Bege;CORBEG;14/09/2024
Tênis;PRD8561;Tênis Lite;40;TAM40;95;R$ 681,87;Infantil;Unissex;Branco;CORBRA;30/07/2024
Mocassim;PRD1394;Mocassim Comfort;44;TAM44;87;R$ 304,72;Social;Feminino;Vermelho;CORVER;19/12/2024
Mocassim;PRD9133;Mocassim Pro;34;TAM34;27;R$ 188,35;Social;Infantil;Cinza;CORCIN;21/09/2024
Sapatênis;PRD3195;Sapatênis Max;34;TAM34;30;R$ 151,21;Social;Unissex;Cinza;CORCIN;22/08/2024
Chinelo;PRD3431;Chinelo Flex;42;TAM42;15;R$ 683,57;Infantil;Unissex;Bege;CORBEG;22/06/2024
Chuteira;PRD3005;Chuteira Flex;41;TAM41;54;R$ 493,44;Infantil;Masculino;Marrom;CORMAR;29/01/2024
Papete;PRD4088;Papete Runner;36;TAM36;29;R$ 246,36;Social;Masculino;Bege;CORBEG;31/12/2024
Mocassim;PRD3712;Mocassim Lite;37;TAM37;48;R$ 720,63;Infantil;Infantil;Preto;CORPRE;23/11/2024
Tênis;PRD8534;Tênis Lite;41;TAM41;60;R$ 707,29;Casual;Feminino;Marrom;CORMAR;25/06/2024
Sapatênis;PRD5017;Sapatênis Runner;42;TAM42;93;R$ 631,50;Aventura;Masculino;Amarelo;CORAMA;08/03/2024
Crocs;PRD4989;Crocs Max;42;TAM42;17;R$ 717,87;Infantil;Masculino;Marrom;CORMAR;01/01/2024
Tênis;PRD2416;Tênis Urban;34;TAM34;71;R$ 187,46;Casual;Feminino;Amarelo;CORAMA;02/11/2024
Mocassim;PRD3972;Mocassim Pro;39;TAM39;19;R$ 718,26;Esportivo;Infantil;Azul;CORAZU;10/09/2024
Bota;PRD5336;Bota Runner;35;TAM35;29;R$ 163,22;Casual;Feminino;Branco;CORBRA;30/08/2024
Chinelo;PRD9960;Chinelo Runner;41;TAM41;72;R$ 140,19;Social;Feminino;Amarelo;CORAMA;25/01/2024
Sandália;PRD5823;Sandália Urban;44;TAM44;79;R$ 492,39;Infantil;Feminino;Verde;CORVER;09/09/2024
Chuteira;PRD4536;Chuteira Flex;43;TAM43;71;R$ 502,21;Infantil;Feminino;Vermelho;CORVER;05/03/2024
Bota;PRD1402;Bota Runner;37;TAM37;79;R$ 711,60;Casual;Feminino;Amarelo;CORAMA;02/05/2024
Papete;PRD6981;Papete Lite;38;TAM38;59;R$ 616,78;Esportivo;Masculino;Vermelho;CORVER;08/04/2024
Crocs;PRD3942;Crocs Pro;35;TAM35;87;R$ 252,01;Casual;Unissex;Preto;CORPRE;04/02/2024
Chuteira;PRD1776;Chuteira Runner;38;TAM38;21;R$ 510,38;Aventura;Feminino;Preto;CORPRE;17/09/2024
Chuteira;PRD2074;Chuteira Max;40;TAM40;92;R$ 362,97;Infantil;Infantil;Verde;CORVER;06/07/2024
Chuteira;PRD2812;Chuteira Comfort;36;TAM36;6;R$ 712,00;Aventura;Infantil;Preto;CORPRE;23/11/2024
Mocassim;PRD1919;Mocassim Runner;38;TAM38;68;R$ 581,92;Social;Feminino;Preto;CORPRE;30/01/2024
Sapatênis;PRD5120;Sapatênis Urban;42;TAM42;97;R$ 544,74;Social;Masculino;Marrom;CORMAR;07/11/2024
Crocs;PRD2002;Crocs Pro;43;TAM43;74;R$ 496,15;Casual;Unissex;Rosa;CORROS;28/09/2024
Sapatênis;PRD8663;Sapatênis Pro;36;TAM36;12;R$ 609,10;Casual;Infantil;Amarelo;CORAMA;19/11/2024
Sandália;PRD2175;Sandália Comfort;41;TAM41;45;R$ 571,96;Social;Feminino;Branco;CORBRA;10/09/2024
Sapatênis;PRD3032;Sapatênis Comfort;39;TAM39;3;R$ 160,01;Social;Unissex;Rosa;CORROS;13/04/2024
Papete;PRD6550;Papete Comfort;35;TAM35;59;R$ 627,92;Esportivo;Infantil;Verde;CORVER;26/08/2024
Papete;PRD1446;Papete Max;39;TAM39;76;R$ 644,17;Infantil;Masculino;Rosa;CORROS;10/10/2024
Bota;PRD8421;Bota Comfort;40;TAM40;100;R$ 471,90;Aventura;Masculino;Amarelo;CORAMA;16/05/2024
Chuteira;PRD6288;Chuteira Flex;39;TAM39;14;R$ 428,92;Social;Infantil;Cinza;CORCIN;02/07/2024
Papete;PRD9238;Papete Pro;39;TAM39;79;R$ 133,29;Aventura;Infantil;Azul;CORAZU;31/01/2025
Bota;PRD9297;Bota Comfort;38;TAM38;18;R$ 475,02;Aventura;Unissex;Branco;CORBRA;09/09/2024
Mocassim;PRD8390;Mocassim Runner;34;TAM34;17;R$ 759,54;Infantil;Infantil;Vermelho;CORVER;15/03/2024
Sapatênis;PRD4154;Sapatênis Urban;35;TAM35;6;R$ 589,39;Aventura;Unissex;Bege;CORBEG;05/03/2024
Sandália;PRD1275;Sandália Pro;44;TAM44;65;R$ 513,04;Social;Feminino;Amarelo;CORAMA;29/04/2024
Sapatênis;PRD1260;Sapatênis Flex;34;TAM34;15;R$ 152,43;Social;Feminino;Verde;CORVER;28/03/2024
Mocassim;PRD1164;Mocassim Flex;35;TAM35;4;R$ 205,28;Aventura;Infantil;Vermelho;CORVER;29/05/2024
Chinelo;PRD7427;Chinelo Max;44;TAM44;56;R$ 651,35;Esportivo;Infantil;Cinza;CORCIN;11/05/2024
Papete;PRD6356;Papete Runner;37;TAM37;37;R$ 103,25;Casual;Feminino;Marrom;CORMAR;28/10/2024
Mocassim;PRD1123;Mocassim Urban;39;TAM39;95;R$ 331,52;Social;Infantil;Cinza;CORCIN;10/03/2024
Chinelo;PRD9250;Chinelo Runner;39;TAM39;90;R$ 607,87;Aventura;Unissex;Branco;CORBRA;19/07/2024
Bota;PRD1921;Bota Lite;39;TAM39;47;R$ 665,87;Infantil;Feminino;Cinza;CORCIN;16/11/2024
Bota;PRD1379;Bota Comfort;36;TAM36;75;R$ 222,18;Casual;Unissex;Cinza;CORCIN;02/08/2024
Chinelo;PRD9274;Chinelo Pro;37;TAM37;83;R$ 399,13;Esportivo;Unissex;Rosa;CORROS;15/06/2024
Sapato;PRD5957;Sapato Urban;40;TAM40;48;R$ 772,40;Infantil;Unissex;Preto;CORPRE;26/01/2025
Bota;PRD3199;Bota Urban;34;TAM34;95;R$ 565,72;Social;Infantil;Preto;CORPRE;13/10/2024
Sapatênis;PRD2896;Sapatênis Pro;34;TAM34;85;R$ 723,14;Aventura;Infantil;Amarelo;CORAMA;25/05/2024
Sandália;PRD2638;Sandália Lite;34;TAM34;25;R$ 176,09;Aventura;Feminino;Bege;CORBEG;06/12/2024
Bota;PRD1629;Bota Urban;36;TAM36;28;R$ 686,41;Esportivo;Masculino;Azul;CORAZU;23/03/2024
Bota;PRD1079;Bota Pro;39;TAM39;76;R$ 410,43;Esportivo;Feminino;Cinza;CORCIN;03/03/2024
Tênis;PRD9185;Tênis Lite;41;TAM41;47;R$ 719,95;Casual;Masculino;Vermelho;CORVER;28/11/2024
Bota;PRD9322;Bota Lite;35;TAM35;84;R$ 115,82;Infantil;Masculino;Vermelho;CORVER;13/12/2024
Bota;PRD3639;Bota Urban;39;TAM39;42;R$ 595,34;Aventura;Unissex;Branco;CORBRA;04/05/2024
Sapatênis;PRD2147;Sapatênis Pro;41;TAM41;49;R$ 194,64;Social;Infantil;Bege;CORBEG;12/03/2024
Chuteira;PRD6815;Chuteira Max;42;TAM42;17;R$ 520,65;Casual;Feminino;Preto;CORPRE;16/10/2024
Tênis;PRD7302;Tênis Urban;38;TAM38;11;R$ 483,73;Esportivo;Unissex;Branco;CORBRA;05/08/2024
Sapatênis;PRD6459;Sapatênis Flex;38;TAM38;98;R$ 634,31;Aventura;Feminino;Azul;CORAZU;17/04/2024
Chuteira;PRD4177;Chuteira Flex;44;TAM44;51;R$ 440,65;Social;Feminino;Bege;CORBEG;04/06/2024
Papete;PRD2968;Papete Urban;34;TAM34;3;R$ 125,44;Aventura;Feminino;Azul;CORAZU;02/02/2024
Bota;PRD4708;Bota Lite;44;TAM44;26;R$ 228,01;Esportivo;Infantil;Rosa;CORROS;18/04/2024
Sandália;PRD8139;Sandália Urban;34;TAM34;31;R$ 686,11;Social;Feminino;Bege;CORBEG;13/03/2024
Sapatênis;PRD2887;Sapatênis Runner;42;TAM42;96;R$ 750,72;Aventura;Unissex;Azul;CORAZU;10/05/2024
Chinelo;PRD7889;Chinelo Pro;37;TAM37;33;R$ 500,11;Infantil;Infantil;Vermelho;CORVER;31/10/2024
Sapatênis;PRD9531;Sapatênis Lite;42;TAM42;36;R$ 678,81;Social;Feminino;Branco;CORBRA;22/09/2024
Sapatênis;PRD5311;Sapatênis Pro;40;TAM40;47;R$ 449,41;Esportivo;Infantil;Azul;CORAZU;23/01/2025
Sapato;PRD4752;Sapato Urban;41;TAM41;47;R$ 234,10;Infantil;Masculino;Preto;CORPRE;22/02/2024
Mocassim;PRD1094;Mocassim Pro;37;TAM37;14;R$ 669,19;Infantil;Masculino;Branco;CORBRA;09/01/2024
Bota;PRD8271;Bota Comfort;42;TAM42;69;R$ 199,14;Infantil;Masculino;Amarelo;CORAMA;22/01/2025
Papete;PRD4672;Papete Comfort;36;TAM36;91;R$ 101,51;Social;Masculino;Amarelo;CORAMA;22/08/2024
Sapatênis;PRD5045;Sapatênis Flex;39;TAM39;58;R$ 243,62;Aventura;Masculino;Verde;CORVER;19/11/2024
Crocs;PRD6276;Crocs Runner;34;TAM34;33;R$ 441,06;Casual;Infantil;Rosa;CORROS;31/01/2025
Mocassim;PRD3385;Mocassim Lite;36;TAM36;79;R$ 423,20;Casual;Masculino;Rosa;CORROS;20/09/2024
Sandália;PRD9361;Sandália Lite;36;TAM36;28;R$ 293,65;Esportivo;Feminino;Preto;CORPRE;08/10/2024
Mocassim;PRD4925;Mocassim Flex;36;TAM36;1;R$ 521,89;Social;Masculino;Azul;CORAZU;13/06/2024
Papete;PRD3221;Papete Flex;40;TAM40;56;R$ 754,51;Aventura;Masculino;Marrom;CORMAR;26/10/2024
Papete;PRD5175;Papete Max;37;TAM37;95;R$ 120,96;Casual;Infantil;Cinza;CORCIN;07/08/2024
Tênis;PRD3528;Tênis Runner;35;TAM35;86;R$ 181,73;Infantil;Infantil;Marrom;CORMAR;08/06/2024
Papete;PRD5173;Papete Pro;36;TAM36;64;R$ 567,65;Casual;Unissex;Bege;CORBEG;25/06/2024
Crocs;PRD7279;Crocs Lite;35;TAM35;96;R$ 482,31;Infantil;Infantil;Preto;CORPRE;22/09/2024
Tênis;PRD4907;Tênis Comfort;40;TAM40;30;R$ 284,92;Social;Feminino;Amarelo;CORAMA;25/10/2024
Tênis;PRD2897;Tênis Max;41;TAM41;12;R$ 446,75;Social;Masculino;Bege;CORBEG;17/11/2024
Papete;PRD3482;Papete Pro;43;TAM43;75;R$ 498,10;Social;Masculino;Cinza;CORCIN;09/06/2024
Sandália;PRD6384;Sandália Max;39;TAM39;51;R$ 618,12;Aventura;Infantil;Bege;CORBEG;16/06/2024
Bota;PRD1337;Bota Pro;42;TAM42;43;R$ 637,18;Infantil;Feminino;Vermelho;CORVER;26/08/2024
Sapatênis;PRD6517;Sapatênis Lite;41;TAM41;53;R$ 726,77;Esportivo;Unissex;Preto;CORPRE;10/12/2024
Sapato;PRD2924;Sapato Flex;37;TAM37;90;R$ 742,10;Aventura;Infantil;Cinza;CORCIN;16/02/2024
Mocassim;PRD1391;Mocassim Flex;41;TAM41;6;R$ 561,63;Infantil;Unissex;Verde;CORVER;19/11/2024
Mocassim;PRD7858;Mocassim Runner;35;TAM35;97;R$ 571,12;Aventura;Infantil;Preto;CORPRE;13/01/2025
Bota;PRD1122;Bota Comfort;34;TAM34;66;R$ 795,63;Aventura;Feminino;Cinza;CORCIN;23/08/2024
Sandália;PRD3018;Sandália Urban;40;TAM40;18;R$ 137,22;Esportivo;Masculino;Vermelho;CORVER;09/09/2024
Crocs;PRD2582;Crocs Runner;44;TAM44;89;R$ 338,45;Social;Unissex;Marrom;CORMAR;11/03/2024
Chinelo;PRD7974;Chinelo Comfort;39;TAM39;23;R$ 396,27;Casual;Infantil;Amarelo;CORAMA;19/02/2024
Chuteira;PRD2876;Chuteira Flex;36;TAM36;44;R$ 115,00;Social;Masculino;Marrom;CORMAR;31/07/2024
Crocs;PRD1343;Crocs Comfort;35;TAM35;31;R$ 361,90;Casual;Infantil;Marrom;CORMAR;26/11/2024
Sandália;PRD6162;Sandália Pro;42;TAM42;7;R$ 601,02;Esportivo;Infantil;Cinza;CORCIN;28/07/2024
Chuteira;PRD9924;Chuteira Runner;44;TAM44;64;R$ 553,20;Casual;Masculino;Marrom;CORMAR;31/01/2024
Sapatênis;PRD7748;Sapatênis Runner;35;TAM35;7;R$ 595,24;Social;Infantil;Vermelho;CORVER;05/01/2024
Sapatênis;PRD2192;Sapatênis Runner;39;TAM39;67;R$ 126,14;Aventura;Unissex;Marrom;CORMAR;05/03/2024
Crocs;PRD8676;Crocs Pro;37;TAM37;66;R$ 751,50;Infantil;Unissex;Verde;CORVER;28/01/2025
Tênis;PRD2010;Tênis Lite;42;TAM42;59;R$ 687,63;Infantil;Unissex;Branco;CORBRA;24/04/2024
Bota;PRD1261;Bota Lite;37;TAM37;75;R$ 798,79;Social;Unissex;Bege;CORBEG;04/08/2024
Crocs;PRD6073;Crocs Lite;39;TAM39;1;R$ 717,29;Aventura;Unissex;Amarelo;CORAMA;04/03/2024
Tênis;PRD3250;Tênis Runner;40;TAM40;2;R$ 531,05;Casual;Infantil;Amarelo;CORAMA;25/11/2024
Sandália;PRD3332;Sandália Pro;37;TAM37;63;R$ 616,27;Infantil;Masculino;Preto;CORPRE;20/12/2024
Papete;PRD6037;Papete Flex;37;TAM37;64;R$ 688,48;Casual;Unissex;Bege;CORBEG;10/12/2024
Sapatênis;PRD2402;Sapatênis Lite;36;TAM36;38;R$ 320,37;Aventura;Unissex;Marrom;CORMAR;27/01/2024
Bota;PRD3198;Bota Runner;35;TAM35;82;R$ 360,55;Infantil;Unissex;Verde;CORVER;30/01/2024
Mocassim;PRD6641;Mocassim Runner;34;TAM34;64;R$ 725,20;Aventura;Feminino;Branco;CORBRA;13/01/2024
Chuteira;PRD6536;Chuteira Max;37;TAM37;58;R$ 106,36;Aventura;Feminino;Cinza;CORCIN;12/11/2024
Tênis;PRD3858;Tênis Urban;34;TAM34;61;R$ 329,47;Casual;Masculino;Cinza;CORCIN;17/10/2024
Chinelo;PRD5853;Chinelo Urban;36;TAM36;60;R$ 349,90;Aventura;Feminino;Preto;CORPRE;11/02/2024
Bota;PRD2207;Bota Lite;35;TAM35;99;R$ 368,92;Esportivo;Feminino;Rosa;CORROS;06/05/2024
Tênis;PRD9880;Tênis Urban;42;TAM42;99;R$ 336,15;Aventura;Unissex;Vermelho;CORVER;09/11/2024
Mocassim;PRD5649;Mocassim Lite;43;TAM43;15;R$ 417,15;Aventura;Feminino;Rosa;CORROS;27/12/2024
Bota;PRD4207;Bota Runner;39;TAM39;7;R$ 248,80;Aventura;Masculino;Marrom;CORMAR;10/06/2024
Sapatênis;PRD7284;Sapatênis Urban;38;TAM38;29;R$ 741,71;Aventura;Unissex;Rosa;CORROS;16/05/2024
Papete;PRD2874;Papete Comfort;43;TAM43;12;R$ 240,02;Esportivo;Feminino;Vermelho;CORVER;31/01/2024
Mocassim;PRD3890;Mocassim Urban;43;TAM43;91;R$ 454,80;Aventura;Feminino;Marrom;CORMAR;30/09/2024
Sandália;PRD2104;Sandália Lite;38;TAM38;98;R$ 738,27;Casual;Masculino;Branco;CORBRA;08/05/2024
Chuteira;PRD3657;Chuteira Lite;44;TAM44;66;R$ 524,30;Aventura;Unissex;Cinza;CORCIN;09/04/2024
Crocs;PRD3899;Crocs Comfort;37;TAM37;91;R$ 484,03;Casual;Infantil;Preto;CORPRE;20/01/2025
Mocassim;PRD3889;Mocassim Lite;41;TAM41;98;R$ 327,22;Aventura;Feminino;Bege;CORBEG;02/12/2024
Sandália;PRD8203;Sandália Comfort;41;TAM41;97;R$ 221,63;Social;Masculino;Amarelo;CORAMA;25/10/2024
Crocs;PRD2187;Crocs Comfort;35;TAM35;5;R$ 269,18;Casual;Infantil;Preto;CORPRE;06/04/2024
Crocs;PRD1959;Crocs Urban;40;TAM40;93;R$ 319,14;Casual;Feminino;Vermelho;CORVER;24/01/2025
Chuteira;PRD2729;Chuteira Flex;41;TAM41;25;R$ 132,96;Infantil;Masculino;Marrom;CORMAR;03/05/2024
Chinelo;PRD9382;Chinelo Urban;44;TAM44;31;R$ 572,54;Infantil;Unissex;Marrom;CORMAR;14/01/2025
Sapato;PRD2506;Sapato Pro;37;TAM37;14;R$ 639,77;Casual;Masculino;Branco;CORBRA;14/05/2024
Chuteira;PRD4412;Chuteira Runner;39;TAM39;32;R$ 568,86;Aventura;Feminino;Bege;CORBEG;15/03/2024
Sapato;PRD4059;Sapato Runner;34;TAM34;52;R$ 687,17;Esportivo;Infantil;Verde;CORVER;25/11/2024
Chuteira;PRD8418;Chuteira Pro;35;TAM35;99;R$ 400,25;Esportivo;Masculino;Verde;CORVER;20/12/2024
Bota;PRD9291;Bota Max;42;TAM42;8;R$ 141,96;Esportivo;Infantil;Amarelo;CORAMA;18/05/2024
Crocs;PRD5237;Crocs Flex;43;TAM43;87;R$ 579,12;Aventura;Feminino;Azul;CORAZU;13/06/2024
Bota;PRD8628;Bota Runner;43;TAM43;17;R$ 342,19;Infantil;Feminino;Branco;CORBRA;03/08/2024
Mocassim;PRD4677;Mocassim Runner;34;TAM34;12;R$ 485,34;Casual;Unissex;Amarelo;CORAMA;11/03/2024
Papete;PRD9656;Papete Flex;36;TAM36;37;R$ 707,43;Social;Masculino;Marrom;CORMAR;21/12/2024
Tênis;PRD5396;Tênis Urban;36;TAM36;65;R$ 454,01;Infantil;Masculino;Cinza;CORCIN;01/12/2024
Crocs;PRD5468;Crocs Lite;42;TAM42;6;R$ 386,09;Infantil;Unissex;Amarelo;CORAMA;03/03/2024
Chuteira;PRD4201;Chuteira Pro;37;TAM37;2;R$ 237,03;Casual;Unissex;Cinza;CORCIN;18/10/2024
Sandália;PRD9164;Sandália Max;40;TAM40;43;R$ 317,03;Casual;Masculino;Verde;CORVER;17/06/2024
Sandália;PRD3222;Sandália Comfort;40;TAM40;100;R$ 478,23;Casual;Feminino;Verde;CORVER;23/01/2024
Papete;PRD3764;Papete Comfort;38;TAM38;28;R$ 527,00;Social;Feminino;Preto;CORPRE;25/06/2024
Chuteira;PRD6909;Chuteira Flex;42;TAM42;38;R$ 151,52;Esportivo;Feminino;Azul;CORAZU;12/07/2024
Sandália;PRD6698;Sandália Flex;38;TAM38;14;R$ 602,03;Esportivo;Masculino;Branco;CORBRA;23/01/2024
Tênis;PRD2766;Tênis Pro;42;TAM42;27;R$ 558,28;Infantil;Feminino;Amarelo;CORAMA;15/08/2024
Mocassim;PRD8825;Mocassim Flex;42;TAM42;18;R$ 290,31;Esportivo;Masculino;Marrom;CORMAR;17/06/2024
Chinelo;PRD1020;Chinelo Pro;36;TAM36;10;R$ 710,77;Esportivo;Infantil;Cinza;CORCIN;01/12/2024
Chuteira;PRD4310;Chuteira Runner;36;TAM36;16;R$ 524,96;Casual;Unissex;Branco;CORBRA;29/02/2024
Papete;PRD1364;Papete Comfort;44;TAM44;71;R$ 638,25;Infantil;Feminino;Branco;CORBRA;20/12/2024
Crocs;PRD9394;Crocs Flex;36;TAM36;36;R$ 150,67;Esportivo;Masculino;Rosa;CORROS;17/10/2024
Sandália;PRD9595;Sandália Flex;37;TAM37;43;R$ 136,61;Aventura;Masculino;Preto;CORPRE;15/06/2024
Tênis;PRD3567;Tênis Comfort;44;TAM44;98;R$ 608,03;Infantil;Infantil;Branco;CORBRA;05/03/2024
Sandália;PRD1767;Sandália Flex;38;TAM38;7;R$ 363,96;Aventura;Infantil;Branco;CORBRA;23/11/2024
Papete;PRD7394;Papete Urban;41;TAM41;73;R$ 450,57;Esportivo;Feminino;Azul;CORAZU;06/10/2024
Sapato;PRD7219;Sapato Runner;36;TAM36;80;R$ 712,32;Infantil;Unissex;Preto;CORPRE;29/06/2024
Sapato;PRD9783;Sapato Flex;41;TAM41;21;R$ 454,14;Social;Infantil;Vermelho;CORVER;04/02/2024
Tênis;PRD3617;Tênis Max;42;TAM42;85;R$ 498,84;Aventura;Infantil;Preto;CORPRE;08/10/2024
Crocs;PRD5283;Crocs Comfort;37;TAM37;87;R$ 442,66;Social;Unissex;Cinza;CORCIN;18/01/2024
Mocassim;PRD6971;Mocassim Max;39;TAM39;26;R$ 541,08;Aventura;Infantil;Preto;CORPRE;13/05/2024
Sapato;PRD6888;Sapato Urban;38;TAM38;78;R$ 741,29;Esportivo;Infantil;Cinza;CORCIN;10/01/2025
Sapatênis;PRD7151;Sapatênis Flex;41;TAM41;19;R$ 401,92;Infantil;Feminino;Verde;CORVER;25/01/2024
Papete;PRD2096;Papete Lite;34;TAM34;94;R$ 515,91;Social;Feminino;Marrom;CORMAR;11/06/2024
Sapato;PRD2206;Sapato Pro;40;TAM40;76;R$ 595,33;Casual;Unissex;Vermelho;CORVER;06/01/2024
Papete;PRD9475;Papete Pro;37;TAM37;100;R$ 772,09;Infantil;Masculino;Amarelo;CORAMA;25/01/2024
Sapatênis;PRD6029;Sapatênis Max;43;TAM43;99;R$ 602,22;Casual;Masculino;Preto;CORPRE;07/03/2024
Papete;PRD8221;Papete Comfort;37;TAM37;91;R$ 123,30;Aventura;Infantil;Preto;CORPRE;22/07/2024
Chinelo;PRD5076;Chinelo Lite;36;TAM36;1;R$ 120,86;Infantil;Masculino;Branco;CORBRA;10/05/2024
Crocs;PRD3707;Crocs Lite;38;TAM38;6;R$ 790,37;Infantil;Masculino;Preto;CORPRE;13/06/2024
Sandália;PRD1781;Sandália Urban;44;TAM44;13;R$ 718,23;Infantil;Masculino;Preto;CORPRE;13/05/2024
Tênis;PRD5682;Tênis Comfort;38;TAM38;16;R$ 749,27;Casual;Infantil;Rosa;CORROS;30/03/2024
Crocs;PRD6895;Crocs Flex;40;TAM40;79;R$ 314,63;Social;Masculino;Cinza;CORCIN;26/12/2024
Crocs;PRD3350;Crocs Comfort;36;TAM36;65;R$ 723,99;Social;Unissex;Rosa;CORROS;13/01/2024
Sapatênis;PRD3565;Sapatênis Urban;34;TAM34;66;R$ 343,47;Casual;Unissex;Cinza;CORCIN;19/10/2024
Crocs;PRD7419;Crocs Urban;36;TAM36;33;R$ 193,41;Esportivo;Feminino;Amarelo;CORAMA;19/10/2024
Sandália;PRD8042;Sandália Comfort;37;TAM37;69;R$ 511,07;Social;Feminino;Rosa;CORROS;04/11/2024
Chinelo;PRD7191;Chinelo Flex;41;TAM41;15;R$ 582,41;Social;Unissex;Cinza;CORCIN;08/06/2024
Mocassim;PRD6469;Mocassim Lite;34;TAM34;6;R$ 349,36;Casual;Infantil;Cinza;CORCIN;29/05/2024
Sapatênis;PRD1856;Sapatênis Pro;38;TAM38;99;R$ 598,81;Aventura;Feminino;Vermelho;CORVER;06/04/2024
Papete;PRD7810;Papete Max;38;TAM38;51;R$ 375,80;Casual;Masculino;Amarelo;CORAMA;09/05/2024
Papete;PRD1331;Papete Flex;44;TAM44;69;R$ 486,74;Infantil;Infantil;Vermelho;CORVER;17/01/2025
Chuteira;PRD5680;Chuteira Runner;40;TAM40;99;R$ 347,07;Social;Unissex;Verde;CORVER;07/03/2024
Sandália;PRD1175;Sandália Urban;42;TAM42;24;R$ 149,82;Social;Unissex;Vermelho;CORVER;31/01/2024
Sandália;PRD5647;Sandália Lite;43;TAM43;28;R$ 311,45;Esportivo;Unissex;Cinza;CORCIN;15/07/2024
Bota;PRD8559;Bota Flex;34;TAM34;18;R$ 603,58;Casual;Feminino;Marrom;CORMAR;18/07/2024
Chinelo;PRD6856;Chinelo Runner;36;TAM36;66;R$ 128,29;Casual;Infantil;Amarelo;CORAMA;12/12/2024
Chinelo;PRD3512;Chinelo Pro;34;TAM34;99;R$ 142,39;Esportivo;Masculino;Preto;CORPRE;16/09/2024
Tênis;PRD6969;Tênis Comfort;34;TAM34;37;R$ 579,88;Esportivo;Masculino;Marrom;CORMAR;21/09/2024
Sandália;PRD3885;Sandália Flex;41;TAM41;8;R$ 462,63;Social;Infantil;Verde;CORVER;06/11/2024
Mocassim;PRD2043;Mocassim Comfort;37;TAM37;84;R$ 733,19;Social;Feminino;Verde;CORVER;09/02/2024
Chinelo;PRD9075;Chinelo Lite;34;TAM34;82;R$ 469,07;Esportivo;Infantil;Vermelho;CORVER;11/03/2024
Papete;PRD9780;Papete Urban;38;TAM38;97;R$ 683,18;Esportivo;Unissex;Rosa;CORROS;14/01/2024
Crocs;PRD9323;Crocs Lite;44;TAM44;1;R$ 233,19;Esportivo;Masculino;Preto;CORPRE;10/04/2024
Tênis;PRD6693;Tênis Runner;36;TAM36;99;R$ 509,71;Infantil;Feminino;Branco;CORBRA;21/02/2024
Mocassim;PRD7405;Mocassim Max;35;TAM35;98;R$ 135,16;Esportivo;Masculino;Amarelo;CORAMA;20/06/2024
Chinelo;PRD8920;Chinelo Lite;43;TAM43;76;R$ 546,04;Social;Feminino;Preto;CORPRE;13/11/2024
Sapato;PRD2943;Sapato Runner;38;TAM38;81;R$ 273,49;Casual;Feminino;Bege;CORBEG;07/07/2024
Papete;PRD2594;Papete Pro;38;TAM38;95;R$ 113,45;Aventura;Unissex;Bege;CORBEG;27/01/2025
Mocassim;PRD9464;Mocassim Comfort;43;TAM43;73;R$ 103,83;Aventura;Unissex;Branco;CORBRA;05/04/2024
Chuteira;PRD6655;Chuteira Pro;39;TAM39;33;R$ 152,03;Esportivo;Infantil;Marrom;CORMAR;30/01/2025
Crocs;PRD1990;Crocs Pro;35;TAM35;96;R$ 461,87;Aventura;Feminino;Branco;CORBRA;03/11/2024
Bota;PRD1157;Bota Lite;43;TAM43;62;R$ 143,02;Infantil;Masculino;Bege;CORBEG;22/04/2024
Chuteira;PRD6785;Chuteira Max;41;TAM41;22;R$ 145,04;Infantil;Infantil;Preto;CORPRE;27/07/2024
Papete;PRD2700;Papete Urban;40;TAM40;65;R$ 299,15;Infantil;Infantil;Marrom;CORMAR;05/06/2024
Sapatênis;PRD9787;Sapatênis Comfort;37;TAM37;97;R$ 161,51;Casual;Masculino;Bege;CORBEG;23/05/2024
Chinelo;PRD2285;Chinelo Pro;42;TAM42;54;R$ 588,76;Aventura;Infantil;Amarelo;CORAMA;29/05/2024
Tênis;PRD9976;Tênis Flex;44;TAM44;13;R$ 263,54;Aventura;Feminino;Bege;CORBEG;11/07/2024
Sandália;PRD2351;Sandália Urban;40;TAM40;72;R$ 526,04;Casual;Unissex;Vermelho;CORVER;07/05/2024
Sapato;PRD4138;Sapato Urban;41;TAM41;21;R$ 436,34;Casual;Unissex;Preto;CORPRE;06/09/2024
Sandália;PRD6805;Sandália Urban;38;TAM38;40;R$ 644,45;Infantil;Infantil;Rosa;CORROS;06/07/2024
Sapatênis;PRD9731;Sapatênis Pro;34;TAM34;9;R$ 116,10;Infantil;Unissex;Bege;CORBEG;04/01/2024
Bota;PRD4401;Bota Lite;42;TAM42;63;R$ 174,97;Casual;Masculino;Preto;CORPRE;26/09/2024
Bota;PRD6271;Bota Comfort;42;TAM42;70;R$ 317,69;Casual;Masculino;Preto;CORPRE;04/05/2024
Bota;PRD6546;Bota Lite;34;TAM34;23;R$ 213,62;Social;Infantil;Verde;CORVER;08/03/2024
Tênis;PRD1031;Tênis Max;42;TAM42;38;R$ 576,82;Esportivo;Infantil;Cinza;CORCIN;18/06/2024
Tênis;PRD9917;Tênis Max;34;TAM34;20;R$ 124,18;Infantil;Unissex;Cinza;CORCIN;29/01/2025
Sapato;PRD8950;Sapato Pro;38;TAM38;40;R$ 414,87;Casual;Infantil;Azul;CORAZU;08/12/2024
Papete;PRD4200;Papete Lite;34;TAM34;69;R$ 364,88;Casual;Feminino;Cinza;CORCIN;05/06/2024
Sandália;PRD7508;Sandália Lite;42;TAM42;34;R$ 205,25;Infantil;Feminino;Azul;CORAZU;29/04/2024
Chinelo;PRD2364;Chinelo Max;39;TAM39;99;R$ 287,75;Esportivo;Feminino;Rosa;CORROS;11/01/2025
Crocs;PRD1029;Crocs Lite;42;TAM42;11;R$ 573,14;Social;Masculino;Cinza;CORCIN;01/07/2024
Crocs;PRD5282;Crocs Pro;43;TAM43;52;R$ 387,49;Esportivo;Feminino;Verde;CORVER;21/01/2025
Papete;PRD3988;Papete Flex;39;TAM39;90;R$ 292,95;Infantil;Feminino;Vermelho;CORVER;30/01/2025
Papete;PRD1769;Papete Urban;36;TAM36;79;R$ 687,45;Aventura;Unissex;Rosa;CORROS;08/12/2024
Sandália;PRD2347;Sandália Flex;42;TAM42;95;R$ 575,14;Infantil;Masculino;Verde;CORVER;17/05/2024
Papete;PRD1105;Papete Urban;42;TAM42;22;R$ 221,58;Social;Infantil;Cinza;CORCIN;26/08/2024
Sapatênis;PRD1751;Sapatênis Urban;38;TAM38;52;R$ 261,89;Social;Masculino;Marrom;CORMAR;24/06/2024
Crocs;PRD4103;Crocs Max;44;TAM44;5;R$ 108,33;Aventura;Feminino;Amarelo;CORAMA;11/01/2025
Papete;PRD5668;Papete Max;42;TAM42;33;R$ 621,86;Social;Unissex;Vermelho;CORVER;23/08/2024
Chinelo;PRD4183;Chinelo Max;44;TAM44;36;R$ 417,94;Esportivo;Masculino;Rosa;CORROS;08/11/2024
Sapato;PRD4955;Sapato Comfort;39;TAM39;91;R$ 415,65;Aventura;Unissex;Bege;CORBEG;26/12/2024
Papete;PRD6457;Papete Runner;39;TAM39;89;R$ 339,84;Casual;Infantil;Amarelo;CORAMA;29/07/2024
Sapato;PRD6003;Sapato Lite;34;TAM34;30;R$ 417,04;Esportivo;Masculino;Bege;CORBEG;30/09/2024
Chinelo;PRD8312;Chinelo Urban;41;TAM41;62;R$ 263,81;Casual;Unissex;Preto;CORPRE;08/08/2024
Bota;PRD2314;Bota Comfort;35;TAM35;52;R$ 393,00;Aventura;Masculino;Verde;CORVER;28/08/2024
Chuteira;PRD7470;Chuteira Flex;42;TAM42;93;R$ 147,64;Infantil;Infantil;Vermelho;CORVER;09/08/2024
Sandália;PRD2733;Sandália Comfort;42;TAM42;24;R$ 482,78;Infantil;Masculino;Cinza;CORCIN;25/06/2024
Chuteira;PRD1095;Chuteira Max;35;TAM35;22;R$ 510,46;Social;Infantil;Branco;CORBRA;09/11/2024
Chuteira;PRD3491;Chuteira Runner;38;TAM38;4;R$ 111,89;Infantil;Masculino;Bege;CORBEG;16/03/2024
Chuteira;PRD7330;Chuteira Urban;41;TAM41;56;R$ 338,98;Infantil;Feminino;Preto;CORPRE;25/11/2024
Crocs;PRD6294;Crocs Urban;40;TAM40;82;R$ 102,51;Casual;Infantil;Branco;CORBRA;15/01/2024
Chinelo;PRD6259;Chinelo Comfort;36;TAM36;24;R$ 318,87;Esportivo;Masculino;Vermelho;CORVER;26/12/2024
Chinelo;PRD5533;Chinelo Flex;37;TAM37;32;R$ 449,51;Infantil;Infantil;Bege;CORBEG;04/02/2024
Sapato;PRD9042;Sapato Flex;38;TAM38;22;R$ 329,87;Social;Feminino;Preto;CORPRE;01/12/2024
Sandália;PRD4950;Sandália Lite;43;TAM43;10;R$ 305,18;Esportivo;Feminino;Bege;CORBEG;25/01/2024
Tênis;PRD4641;Tênis Lite;36;TAM36;2;R$ 297,42;Aventura;Unissex;Cinza;CORCIN;17/03/2024
Tênis;PRD3096;Tênis Runner;35;TAM35;52;R$ 351,65;Infantil;Masculino;Cinza;CORCIN;27/05/2024
Chuteira;PRD4415;Chuteira Urban;43;TAM43;88;R$ 787,78;Infantil;Masculino;Verde;CORVER;10/06/2024
Papete;PRD7529;Papete Flex;37;TAM37;21;R$ 182,68;Aventura;Infantil;Marrom;CORMAR;22/01/2024
Mocassim;PRD7032;Mocassim Lite;36;TAM36;13;R$ 570,06;Infantil;Masculino;Branco;CORBRA;20/06/2024
Tênis;PRD6320;Tênis Pro;34;TAM34;9;R$ 187,91;Social;Unissex;Bege;CORBEG;20/12/2024
Sapato;PRD3525;Sapato Urban;44;TAM44;85;R$ 748,96;Esportivo;Masculino;Verde;CORVER;25/05/2024
Chuteira;PRD2552;Chuteira Runner;42;TAM42;1;R$ 532,82;Social;Infantil;Rosa;CORROS;26/07/2024
Sapato;PRD6334;Sapato Pro;36;TAM36;79;R$ 455,63;Esportivo;Unissex;Amarelo;CORAMA;24/08/2024
Sandália;PRD7690;Sandália Runner;41;TAM41;33;R$ 334,98;Aventura;Masculino;Marrom;CORMAR;24/02/2024
Chuteira;PRD2651;Chuteira Pro;40;TAM40;82;R$ 204,26;Casual;Unissex;Rosa;CORROS;03/02/2024
Chuteira;PRD8430;Chuteira Runner;39;TAM39;25;R$ 179,82;Casual;Feminino;Cinza;CORCIN;25/02/2024
Crocs;PRD2522;Crocs Lite;38;TAM38;73;R$ 397,13;Infantil;Unissex;Vermelho;CORVER;04/11/2024
Sandália;PRD4514;Sandália Lite;42;TAM42;48;R$ 773,61;Aventura;Infantil;Vermelho;CORVER;08/01/2024
Papete;PRD6057;Papete Lite;37;TAM37;28;R$ 131,32;Infantil;Infantil;Bege;CORBEG;17/06/2024
Sandália;PRD5098;Sandália Lite;39;TAM39;60;R$ 606,65;Esportivo;Masculino;Bege;CORBEG;07/11/2024
Bota;PRD3020;Bota Flex;36;TAM36;29;R$ 528,25;Aventura;Masculino;Marrom;CORMAR;04/03/2024
Chinelo;PRD6821;Chinelo Runner;41;TAM41;72;R$ 753,50;Aventura;Feminino;Amarelo;CORAMA;06/01/2025
Sandália;PRD3154;Sandália Runner;38;TAM38;12;R$ 373,68;Casual;Infantil;Bege;CORBEG;03/05/2024
Sandália;PRD8494;Sandália Max;36;TAM36;89;R$ 196,60;Casual;Feminino;Marrom;CORMAR;22/10/2024
Sapato;PRD7494;Sapato Max;34;TAM34;78;R$ 326,64;Social;Infantil;Rosa;CORROS;24/09/2024
Mocassim;PRD8042;Mocassim Comfort;44;TAM44;84;R$ 792,10;Aventura;Unissex;Azul;CORAZU;15/05/2024
Chuteira;PRD6866;Chuteira Runner;36;TAM36;63;R$ 455,95;Infantil;Infantil;Amarelo;CORAMA;15/01/2024
Papete;PRD4138;Papete Urban;34;TAM34;47;R$ 654,93;Infantil;Infantil;Marrom;CORMAR;18/09/2024
Chinelo;PRD1386;Chinelo Lite;37;TAM37;8;R$ 700,67;Infantil;Infantil;Branco;CORBRA;09/10/2024
Papete;PRD5789;Papete Comfort;38;TAM38;77;R$ 732,71;Esportivo;Infantil;Vermelho;CORVER;10/08/2024
Tênis;PRD5221;Tênis Runner;37;TAM37;26;R$ 528,03;Aventura;Unissex;Amarelo;CORAMA;18/04/2024
Sandália;PRD1451;Sandália Comfort;43;TAM43;6;R$ 511,06;Casual;Masculino;Preto;CORPRE;22/10/2024
Chuteira;PRD8535;Chuteira Flex;43;TAM43;25;R$ 211,53;Esportivo;Feminino;Amarelo;CORAMA;23/09/2024
Papete;PRD6229;Papete Urban;35;TAM35;25;R$ 406,06;Infantil;Infantil;Vermelho;CORVER;12/11/2024
Chinelo;PRD1969;Chinelo Lite;38;TAM38;71;R$ 405,49;Infantil;Infantil;Cinza;CORCIN;19/06/2024
Bota;PRD5993;Bota Urban;35;TAM35;30;R$ 311,21;Aventura;Feminino;Vermelho;CORVER;26/06/2024
Crocs;PRD1613;Crocs Flex;36;TAM36;42;R$ 318,94;Esportivo;Infantil;Rosa;CORROS;04/11/2024
Sapatênis;PRD5831;Sapatênis Pro;34;TAM34;10;R$ 767,56;Casual;Feminino;Preto;CORPRE;01/01/2025
Mocassim;PRD2401;Mocassim Lite;40;TAM40;75;R$ 246,53;Aventura;Infantil;Cinza;CORCIN;07/12/2024
Bota;PRD8206;Bota Comfort;38;TAM38;35;R$ 119,15;Casual;Masculino;Branco;CORBRA;05/02/2024
Papete;PRD1734;Papete Max;44;TAM44;25;R$ 353,23;Esportivo;Unissex;Marrom;CORMAR;11/02/2024
Bota;PRD3649;Bota Comfort;36;TAM36;92;R$ 597,92;Infantil;Infantil;Cinza;CORCIN;05/04/2024
Sapato;PRD7814;Sapato Lite;41;TAM41;34;R$ 557,73;Infantil;Masculino;Rosa;CORROS;12/05/2024
Mocassim;PRD2573;Mocassim Lite;43;TAM43;82;R$ 558,79;Casual;Feminino;Preto;CORPRE;18/01/2025
Bota;PRD9650;Bota Urban;36;TAM36;36;R$ 293,35;Esportivo;Feminino;Rosa;CORROS;02/08/2024
Chuteira;PRD8021;Chuteira Flex;34;TAM34;34;R$ 142,93;Esportivo;Feminino;Marrom;CORMAR;30/04/2024
Bota;PRD2831;Bota Runner;34;TAM34;57;R$ 794,27;Aventura;Masculino;Azul;CORAZU;09/01/2024
Crocs;PRD3280;Crocs Flex;44;TAM44;31;R$ 692,89;Social;Infantil;Marrom;CORMAR;08/03/2024
Mocassim;PRD7582;Mocassim Max;42;TAM42;58;R$ 787,25;Aventura;Unissex;Cinza;CORCIN;23/11/2024
Crocs;PRD9908;Crocs Comfort;43;TAM43;67;R$ 453,41;Casual;Infantil;Marrom;CORMAR;25/01/2025
Sandália;PRD6489;Sandália Max;34;TAM34;31;R$ 213,69;Casual;Feminino;Azul;CORAZU;01/09/2024
Chinelo;PRD3288;Chinelo Comfort;37;TAM37;81;R$ 689,77;Casual;Masculino;Rosa;CORROS;23/01/2025
Chinelo;PRD6774;Chinelo Urban;44;TAM44;1;R$ 326,31;Casual;Unissex;Bege;CORBEG;29/05/2024
Chinelo;PRD2321;Chinelo Pro;35;TAM35;31;R$ 697,20;Casual;Feminino;Bege;CORBEG;13/12/2024
Mocassim;PRD2441;Mocassim Urban;35;TAM35;65;R$ 475,32;Infantil;Unissex;Amarelo;CORAMA;07/08/2024
Crocs;PRD5814;Crocs Pro;44;TAM44;65;R$ 362,06;Infantil;Unissex;Azul;CORAZU;10/01/2024
Papete;PRD2840;Papete Pro;38;TAM38;99;R$ 483,72;Aventura;Unissex;Azul;CORAZU;09/03/2024
Chinelo;PRD2930;Chinelo Max;36;TAM36;24;R$ 673,74;Aventura;Masculino;Verde;CORVER;05/01/2025
Chinelo;PRD4733;Chinelo Lite;44;TAM44;44;R$ 786,07;Social;Infantil;Cinza;CORCIN;26/01/2024
Crocs;PRD4542;Crocs Urban;39;TAM39;31;R$ 797,74;Social;Infantil;Verde;CORVER;22/11/2024
Sapato;PRD5720;Sapato Pro;37;TAM37;3;R$ 145,70;Casual;Feminino;Rosa;CORROS;17/07/2024
Mocassim;PRD4108;Mocassim Flex;41;TAM41;9;R$ 145,21;Esportivo;Unissex;Preto;CORPRE;15/11/2024
Chuteira;PRD5445;Chuteira Pro;42;TAM42;60;R$ 364,16;Social;Unissex;Preto;CORPRE;20/01/2025
Tênis;PRD9812;Tênis Flex;40;TAM40;8;R$ 172,85;Aventura;Feminino;Verde;CORVER;24/04/2024
Crocs;PRD8177;Crocs Runner;37;TAM37;23;R$ 385,55;Casual;Feminino;Verde;CORVER;31/07/2024
Chinelo;PRD1203;Chinelo Max;44;TAM44;2;R$ 469,01;Esportivo;Unissex;Azul;CORAZU;16/01/2025
Sandália;PRD6952;Sandália Lite;44;TAM44;5;R$ 681,72;Casual;Feminino;Preto;CORPRE;12/01/2024
Bota;PRD9646;Bota Flex;35;TAM35;36;R$ 676,94;Aventura;Infantil;Bege;CORBEG;11/07/2024
Sapatênis;PRD7044;Sapatênis Pro;37;TAM37;46;R$ 144,98;Casual;Masculino;Preto;CORPRE;02/03/2024
Tênis;PRD8486;Tênis Runner;42;TAM42;77;R$ 252,67;Social;Unissex;Azul;CORAZU;19/10/2024
Mocassim;PRD5975;Mocassim Urban;39;TAM39;20;R$ 745,15;Esportivo;Unissex;Azul;CORAZU;06/01/2025
Sandália;PRD1007;Sandália Pro;35;TAM35;87;R$ 289,71;Social;Masculino;Preto;CORPRE;26/12/2024
Crocs;PRD2081;Crocs Flex;41;TAM41;55;R$ 527,63;Esportivo;Unissex;Vermelho;CORVER;22/02/2024
Sapatênis;PRD8123;Sapatênis Max;35;TAM35;57;R$ 461,53;Social;Masculino;Rosa;CORROS;30/12/2024
Sapato;PRD7809;Sapato Lite;39;TAM39;63;R$ 104,94;Infantil;Infantil;Cinza;CORCIN;28/12/2024
Chinelo;PRD6255;Chinelo Comfort;39;TAM39;13;R$ 489,42;Casual;Unissex;Vermelho;CORVER;20/01/2024
Sandália;PRD5193;Sandália Lite;44;TAM44;37;R$ 463,70;Aventura;Unissex;Branco;CORBRA;05/01/2024
Crocs;PRD7895;Crocs Pro;38;TAM38;80;R$ 588,71;Aventura;Masculino;Verde;CORVER;30/12/2024
Crocs;PRD6164;Crocs Comfort;39;TAM39;59;R$ 542,28;Infantil;Infantil;Verde;CORVER;20/01/2024
Chuteira;PRD2339;Chuteira Pro;43;TAM43;74;R$ 356,77;Esportivo;Unissex;Marrom;CORMAR;05/01/2024
Crocs;PRD1160;Crocs Pro;39;TAM39;86;R$ 573,34;Casual;Feminino;Rosa;CORROS;16/02/2024
Sandália;PRD8617;Sandália Runner;37;TAM37;87;R$ 759,50;Casual;Feminino;Azul;CORAZU;29/01/2024
Tênis;PRD7627;Tênis Max;38;TAM38;48;R$ 267,77;Casual;Masculino;Amarelo;CORAMA;12/04/2024
Chuteira;PRD7158;Chuteira Comfort;36;TAM36;44;R$ 179,19;Casual;Feminino;Branco;CORBRA;01/07/2024
Sapato;PRD8214;Sapato Comfort;37;TAM37;49;R$ 407,94;Esportivo;Unissex;Branco;CORBRA;07/04/2024
Sandália;PRD4210;Sandália Urban;39;TAM39;14;R$ 629,01;Esportivo;Infantil;Vermelho;CORVER;16/09/2024
Sapatênis;PRD3375;Sapatênis Lite;35;TAM35;56;R$ 446,03;Aventura;Infantil;Vermelho;CORVER;22/10/2024
Mocassim;PRD5249;Mocassim Max;41;TAM41;70;R$ 142,36;Casual;Unissex;Marrom;CORMAR;29/03/2024
Tênis;PRD6698;Tênis Urban;40;TAM40;43;R$ 606,62;Infantil;Infantil;Cinza;CORCIN;19/01/2024
Bota;PRD3968;Bota Pro;37;TAM37;88;R$ 703,75;Social;Masculino;Bege;CORBEG;24/10/2024
Mocassim;PRD2510;Mocassim Flex;37;TAM37;55;R$ 571,16;Aventura;Unissex;Preto;CORPRE;12/01/2025
Mocassim;PRD8409;Mocassim Comfort;36;TAM36;14;R$ 421,36;Social;Unissex;Cinza;CORCIN;24/01/2024
Sandália;PRD8702;Sandália Flex;42;TAM42;35;R$ 302,79;Aventura;Feminino;Azul;CORAZU;26/01/2024
Sapatênis;PRD2743;Sapatênis Max;36;TAM36;100;R$ 433,73;Casual;Infantil;Azul;CORAZU;09/01/2025
Sandália;PRD2592;Sandália Flex;44;TAM44;9;R$ 588,91;Esportivo;Infantil;Bege;CORBEG;22/12/2024
Tênis;PRD3239;Tênis Max;34;TAM34;17;R$ 442,66;Casual;Infantil;Azul;CORAZU;02/03/2024
Chuteira;PRD3888;Chuteira Urban;35;TAM35;24;R$ 460,43;Social;Unissex;Verde;CORVER;14/02/2024
Bota;PRD9966;Bota Max;43;TAM43;17;R$ 134,75;Casual;Unissex;Amarelo;CORAMA;04/07/2024
Chuteira;PRD5504;Chuteira Runner;41;TAM41;8;R$ 189,03;Aventura;Feminino;Vermelho;CORVER;06/01/2025
Bota;PRD7042;Bota Max;39;TAM39;44;R$ 413,87;Aventura;Feminino;Azul;CORAZU;03/02/2024
Sandália;PRD7170;Sandália Lite;36;TAM36;58;R$ 588,50;Esportivo;Unissex;Azul;CORAZU;29/01/2025
Sandália;PRD6506;Sandália Comfort;36;TAM36;97;R$ 715,03;Esportivo;Masculino;Marrom;CORMAR;23/08/2024
Sapatênis;PRD5767;Sapatênis Pro;41;TAM41;49;R$ 772,22;Casual;Unissex;Bege;CORBEG;28/07/2024
Chinelo;PRD7456;Chinelo Flex;40;TAM40;31;R$ 588,40;Esportivo;Feminino;Amarelo;CORAMA;04/03/2024
Sapato;PRD2443;Sapato Comfort;35;TAM35;17;R$ 522,06;Social;Infantil;Cinza;CORCIN;27/04/2024
Sapatênis;PRD9310;Sapatênis Pro;37;TAM37;2;R$ 373,08;Infantil;Unissex;Rosa;CORROS;15/01/2024
Sapatênis;PRD5858;Sapatênis Flex;36;TAM36;71;R$ 507,28;Esportivo;Masculino;Verde;CORVER;23/01/2025
Tênis;PRD9097;Tênis Max;38;TAM38;90;R$ 364,94;Social;Infantil;Preto;CORPRE;12/01/2025
Bota;PRD4389;Bota Max;39;TAM39;16;R$ 365,75;Esportivo;Feminino;Amarelo;CORAMA;16/02/2024
Papete;PRD5695;Papete Runner;41;TAM41;2;R$ 559,95;Casual;Unissex;Bege;CORBEG;12/01/2025
Sandália;PRD4277;Sandália Flex;41;TAM41;71;R$ 186,83;Aventura;Masculino;Amarelo;CORAMA;22/08/2024
Sandália;PRD8702;Sandália Flex;42;TAM42;23;R$ 760,26;Infantil;Unissex;Azul;CORAZU;27/01/2025
Tênis;PRD2048;Tênis Runner;35;TAM35;11;R$ 405,98;Infantil;Infantil;Bege;CORBEG;15/08/2024
Sandália;PRD5300;Sandália Pro;41;TAM41;40;R$ 198,35;Infantil;Feminino;Marrom;CORMAR;22/06/2024
Sapato;PRD1927;Sapato Comfort;44;TAM44;31;R$ 743,48;Casual;Infantil;Marrom;CORMAR;29/01/2024
Mocassim;PRD6756;Mocassim Max;44;TAM44;98;R$ 678,22;Casual;Masculino;Amarelo;CORAMA;23/09/2024
Mocassim;PRD6310;Mocassim Max;34;TAM34;91;R$ 485,52;Aventura;Feminino;Cinza;CORCIN;26/06/2024
Papete;PRD5289;Papete Urban;38;TAM38;90;R$ 781,02;Infantil;Feminino;Vermelho;CORVER;21/10/2024
Tênis;PRD4380;Tênis Comfort;42;TAM42;41;R$ 587,29;Casual;Infantil;Amarelo;CORAMA;15/02/2024
Bota;PRD2531;Bota Urban;39;TAM39;77;R$ 681,92;Infantil;Masculino;Marrom;CORMAR;09/07/2024
Tênis;PRD5586;Tênis Runner;34;TAM34;41;R$ 492,31;Casual;Masculino;Verde;CORVER;21/01/2025
Mocassim;PRD7028;Mocassim Urban;36;TAM36;4;R$ 607,02;Social;Feminino;Cinza;CORCIN;20/02/2024
Mocassim;PRD7180;Mocassim Pro;41;TAM41;54;R$ 572,46;Esportivo;Feminino;Cinza;CORCIN;06/01/2024
Sandália;PRD7551;Sandália Runner;43;TAM43;37;R$ 585,05;Social;Feminino;Preto;CORPRE;16/09/2024
Mocassim;PRD7100;Mocassim Flex;35;TAM35;4;R$ 526,22;Aventura;Unissex;Rosa;CORROS;16/07/2024
Papete;PRD1060;Papete Lite;42;TAM42;12;R$ 265,13;Aventura;Masculino;Vermelho;CORVER;24/03/2024
Sapato;PRD8989;Sapato Max;35;TAM35;85;R$ 123,22;Casual;Masculino;Vermelho;CORVER;20/03/2024
Mocassim;PRD8195;Mocassim Flex;43;TAM43;81;R$ 256,43;Esportivo;Unissex;Preto;CORPRE;19/08/2024
Papete;PRD6499;Papete Max;34;TAM34;52;R$ 176,82;Esportivo;Masculino;Amarelo;CORAMA;23/11/2024
Mocassim;PRD6825;Mocassim Flex;36;TAM36;50;R$ 493,07;Social;Unissex;Cinza;CORCIN;06/04/2024
Chuteira;PRD2776;Chuteira Flex;39;TAM39;74;R$ 321,13;Social;Feminino;Amarelo;CORAMA;19/12/2024
Sandália;PRD4955;Sandália Pro;39;TAM39;46;R$ 375,27;Social;Feminino;Vermelho;CORVER;05/01/2024
Tênis;PRD4297;Tênis Pro;37;TAM37;60;R$ 178,21;Esportivo;Unissex;Vermelho;CORVER;01/07/2024
Bota;PRD6136;Bota Flex;44;TAM44;48;R$ 439,63;Social;Unissex;Vermelho;CORVER;28/07/2024
Chinelo;PRD5696;Chinelo Comfort;43;TAM43;88;R$ 361,18;Infantil;Unissex;Vermelho;CORVER;17/01/2024
Chuteira;PRD5055;Chuteira Runner;34;TAM34;80;R$ 455,63;Casual;Infantil;Preto;CORPRE;13/12/2024
Sandália;PRD4788;Sandália Pro;42;TAM42;16;R$ 342,92;Social;Masculino;Azul;CORAZU;10/01/2025
Bota;PRD9649;Bota Max;38;TAM38;90;R$ 657,59;Infantil;Feminino;Cinza;CORCIN;11/08/2024
Sapatênis;PRD1332;Sapatênis Runner;37;TAM37;17;R$ 270,68;Casual;Masculino;Branco;CORBRA;02/05/2024
Papete;PRD6392;Papete Runner;34;TAM34;18;R$ 327,30;Social;Unissex;Cinza;CORCIN;03/01/2025
Papete;PRD2394;Papete Lite;44;TAM44;94;R$ 730,61;Infantil;Unissex;Azul;CORAZU;20/01/2024
Mocassim;PRD5969;Mocassim Urban;38;TAM38;41;R$ 113,66;Casual;Feminino;Vermelho;CORVER;13/01/2024
Crocs;PRD8241;Crocs Pro;38;TAM38;97;R$ 693,47;Social;Feminino;Azul;CORAZU;04/02/2024
Sapatênis;PRD2173;Sapatênis Comfort;41;TAM41;20;R$ 465,13;Aventura;Feminino;Preto;CORPRE;20/01/2025
Crocs;PRD9540;Crocs Comfort;38;TAM38;64;R$ 121,11;Social;Feminino;Branco;CORBRA;14/01/2024
Tênis;PRD9086;Tênis Pro;42;TAM42;59;R$ 384,03;Aventura;Masculino;Amarelo;CORAMA;30/01/2024
Tênis;PRD6841;Tênis Lite;41;TAM41;48;R$ 710,39;Social;Feminino;Marrom;CORMAR;27/01/2024
Tênis;PRD6506;Tênis Max;34;TAM34;2;R$ 443,15;Social;Feminino;Cinza;CORCIN;02/07/2024
Bota;PRD1393;Bota Lite;41;TAM41;13;R$ 356,02;Casual;Feminino;Azul;CORAZU;13/08/2024
Tênis;PRD5428;Tênis Runner;43;TAM43;71;R$ 140,07;Social;Masculino;Rosa;CORROS;19/04/2024
Sapatênis;PRD6388;Sapatênis Pro;34;TAM34;70;R$ 140,97;Infantil;Infantil;Bege;CORBEG;15/09/2024
Papete;PRD6780;Papete Comfort;39;TAM39;74;R$ 165,13;Esportivo;Unissex;Marrom;CORMAR;11/06/2024
Sapatênis;PRD8361;Sapatênis Comfort;40;TAM40;6;R$ 421,41;Casual;Feminino;Azul;CORAZU;29/12/2024
Chuteira;PRD6173;Chuteira Comfort;37;TAM37;22;R$ 707,47;Esportivo;Masculino;Verde;CORVER;11/12/2024
Sapatênis;PRD5184;Sapatênis Runner;41;TAM41;29;R$ 194,68;Social;Unissex;Azul;CORAZU;12/02/2024
Bota;PRD3299;Bota Flex;37;TAM37;27;R$ 329,01;Aventura;Masculino;Verde;CORVER;07/04/2024
Crocs;PRD1629;Crocs Comfort;37;TAM37;39;R$ 758,16;Social;Feminino;Amarelo;CORAMA;12/05/2024
Tênis;PRD2103;Tênis Pro;38;TAM38;66;R$ 300,71;Infantil;Infantil;Branco;CORBRA;06/10/2024
Sandália;PRD7926;Sandália Flex;36;TAM36;24;R$ 253,00;Aventura;Feminino;Vermelho;CORVER;15/08/2024
Mocassim;PRD6129;Mocassim Lite;35;TAM35;66;R$ 228,87;Esportivo;Masculino;Cinza;CORCIN;09/04/2024
Sapato;PRD6095;Sapato Runner;39;TAM39;3;R$ 286,92;Social;Feminino;Rosa;CORROS;24/01/2025
Chuteira;PRD5474;Chuteira Max;43;TAM43;95;R$ 692,51;Infantil;Masculino;Preto;CORPRE;29/09/2024
Crocs;PRD8166;Crocs Urban;35;TAM35;69;R$ 647,43;Social;Unissex;Vermelho;CORVER;31/01/2025
Chuteira;PRD3509;Chuteira Urban;37;TAM37;62;R$ 235,52;Infantil;Infantil;Marrom;CORMAR;28/06/2024
Crocs;PRD4243;Crocs Urban;39;TAM39;72;R$ 405,53;Social;Infantil;Cinza;CORCIN;14/03/2024
Chinelo;PRD9791;Chinelo Comfort;40;TAM40;3;R$ 684,82;Casual;Unissex;Cinza;CORCIN;11/09/2024
Sandália;PRD7123;Sandália Lite;34;TAM34;89;R$ 379,91;Casual;Unissex;Cinza;CORCIN;04/12/2024
Chinelo;PRD8645;Chinelo Flex;34;TAM34;31;R$ 111,64;Social;Feminino;Rosa;CORROS;30/03/2024
Papete;PRD4381;Papete Flex;37;TAM37;6;R$ 738,93;Aventura;Masculino;Azul;CORAZU;06/07/2024
Sandália;PRD4194;Sandália Comfort;41;TAM41;90;R$ 746,46;Infantil;Unissex;Verde;CORVER;05/08/2024
Sandália;PRD2819;Sandália Urban;41;TAM41;15;R$ 328,70;Aventura;Unissex;Rosa;CORROS;07/11/2024
Chinelo;PRD5186;Chinelo Comfort;43;TAM43;86;R$ 787,26;Esportivo;Masculino;Verde;CORVER;31/12/2024
Tênis;PRD7232;Tênis Lite;37;TAM37;96;R$ 341,17;Esportivo;Feminino;Azul;CORAZU;06/11/2024
Mocassim;PRD5140;Mocassim Flex;36;TAM36;31;R$ 633,08;Social;Masculino;Verde;CORVER;25/02/2024
Bota;PRD4771;Bota Comfort;41;TAM41;19;R$ 274,24;Casual;Infantil;Preto;CORPRE;03/03/2024
Chuteira;PRD8549;Chuteira Flex;34;TAM34;73;R$ 371,38;Aventura;Unissex;Marrom;CORMAR;16/01/2025
Sapato;PRD7542;Sapato Lite;39;TAM39;61;R$ 308,83;Aventura;Feminino;Bege;CORBEG;03/02/2024
Papete;PRD9941;Papete Flex;34;TAM34;73;R$ 570,85;Social;Unissex;Rosa;CORROS;18/04/2024
Sandália;PRD9538;Sandália Urban;36;TAM36;44;R$ 107,22;Infantil;Masculino;Bege;CORBEG;31/08/2024
Tênis;PRD5089;Tênis Pro;44;TAM44;47;R$ 359,43;Casual;Unissex;Amarelo;CORAMA;21/07/2024
Papete;PRD6630;Papete Max;40;TAM40;8;R$ 505,06;Infantil;Infantil;Amarelo;CORAMA;17/01/2024
Sapato;PRD2033;Sapato Comfort;40;TAM40;85;R$ 759,92;Esportivo;Infantil;Azul;CORAZU;03/10/2024
Papete;PRD7837;Papete Urban;43;TAM43;53;R$ 529,01;Infantil;Feminino;Bege;CORBEG;11/08/2024
Sapato;PRD4211;Sapato Comfort;35;TAM35;88;R$ 601,14;Aventura;Feminino;Marrom;CORMAR;10/01/2024
Sandália;PRD4970;Sandália Urban;43;TAM43;99;R$ 793,91;Casual;Masculino;Cinza;CORCIN;17/01/2024
